place_id,name,lat,lon,node_type,address,place,popular_times,rating,rating_n,current_popularity,time_spent,corr_value
ChIJ-8bWVr7dQUcROEWzLYvwUq0,Montázs Art Café,47.4648408,19.031737,cafe,"Budapest, Etele út 55","Montázs Art Café Budapest, Etele út 55 budapest","[{'name': 'Monday', 'data': [0, 0, 0, 0, 0, 0, 0, 0, 24, 35, 44, 47, 46, 41, 40, 44, 51, 52, 41, 26, 0, 0, 0, 0]}, {'name': 'Tuesday', 'data': [0, 0, 0, 0, 0, 0, 0, 0, 20, 27, 33, 37, 37, 36, 38, 52, 77, 97, 94, 66, 0, 0, 0, 0]}, {'name': 'Wednesday', 'data': [0, 0, 0, 0, 0, 0, 0, 0, 22, 31, 41, 49, 55, 58, 55, 51, 52, 73, 100, 86, 0, 0, 0, 0]}, {'name': 'Thursday', 'data': [0, 0, 0, 0, 0, 0, 0, 0, 41, 56, 65, 64, 55, 47, 47, 60, 79, 95, 97, 83, 0, 0, 0, 0]}, {'name': 'Friday', 'data': [0, 0, 0, 0, 0, 0, 0, 0, 42, 52, 52, 41, 30, 34, 47, 45, 53, 80, 86, 54, 0, 0, 0, 0]}, {'name': 'Saturday', 'data': [0, 0, 0, 0, 0, 0, 0, 0, 0, 0, 0, 0, 0, 0, 0, 0, 0, 0, 0, 0, 0, 0, 0, 0]}, {'name': 'Sunday', 'data': [0, 0, 0, 0, 0, 0, 0, 0, 0, 0, 0, 0, 0, 0, 0, 0, 0, 0, 0, 0, 0, 0, 0, 0]}]",4.7,434,83,,1
ChIJ01INi77dQUcR74MjHkDpkhQ,Lumi pékség,47.4641153,19.0334961,bakery,"Budapest, Tétényi út 63","Lumi pékség Budapest, Tétényi út 63 budapest","[{'name': 'Monday', 'data': [0, 0, 0, 0, 0, 0, 24, 59, 66, 46, 40, 45, 47, 40, 29, 22, 23, 29, 32, 27, 18, 0, 0, 0]}, {'name': 'Tuesday', 'data': [0, 0, 0, 0, 0, 0, 25, 51, 70, 71, 55, 39, 32, 31, 31, 29, 25, 20, 14, 11, 12, 0, 0, 0]}, {'name': 'Wednesday', 'data': [0, 0, 0, 0, 0, 0, 41, 45, 42, 45, 43, 37, 31, 29, 30, 30, 29, 26, 22, 17, 12, 0, 0, 0]}, {'name': 'Thursday', 'data': [0, 0, 0, 0, 0, 0, 26, 49, 65, 66, 53, 40, 33, 32, 32, 31, 29, 25, 20, 15, 11, 0, 0, 0]}, {'name': 'Friday', 'data': [0, 0, 0, 0, 0, 0, 45, 53, 39, 43, 49, 48, 40, 31, 25, 22, 22, 20, 16, 11, 6, 0, 0, 0]}, {'name': 'Saturday', 'data': [0, 0, 0, 0, 0, 0, 32, 75, 100, 92, 78, 69, 54, 34, 17, 10, 9, 11, 11, 10, 7, 0, 0, 0]}, {'name': 'Sunday', 'data': [0, 0, 0, 0, 0, 0, 0, 21, 40, 53, 52, 37, 20, 11, 9, 10, 11, 9, 0, 0, 0, 0, 0, 0]}]",3.9,88,84,"[15, 15]",1
ChIJ02gjU7LdQUcRMy3wdpNGQjc,"Dentpoint Fogászati, Implantológiai és Parodontológiai Centrum",47.4765063,19.0469566,dentist,Fehérvári út 7. I. em. 3,"Dentpoint Fogászati, Implantológiai és Parodontológiai Centrum Fehérvári út 7. I. em. 3 budapest","[{'name': 'Monday', 'data': [0, 0, 0, 0, 0, 0, 0, 0, 0, 2, 6, 18, 34, 48, 65, 76, 83, 83, 76, 62, 0, 0, 0, 0]}, {'name': 'Tuesday', 'data': [0, 0, 0, 0, 0, 0, 0, 0, 0, 16, 16, 13, 9, 9, 13, 30, 53, 69, 69, 48, 0, 0, 0, 0]}, {'name': 'Wednesday', 'data': [0, 0, 0, 0, 0, 0, 0, 0, 0, 67, 69, 60, 60, 74, 93, 100, 95, 76, 53, 32, 0, 0, 0, 0]}, {'name': 'Thursday', 'data': [0, 0, 0, 0, 0, 0, 0, 0, 0, 9, 13, 18, 27, 39, 53, 67, 76, 79, 74, 60, 0, 0, 0, 0]}, {'name': 'Friday', 'data': [0, 0, 0, 0, 0, 0, 0, 0, 20, 23, 20, 13, 6, 11, 0, 0, 0, 0, 0, 0, 0, 0, 0, 0]}, {'name': 'Saturday', 'data': [0, 0, 0, 0, 0, 0, 0, 0, 0, 0, 0, 0, 0, 0, 0, 0, 0, 0, 0, 0, 0, 0, 0, 0]}, {'name': 'Sunday', 'data': [0, 0, 0, 0, 0, 0, 0, 0, 0, 0, 0, 0, 0, 0, 0, 0, 0, 0, 0, 0, 0, 0, 0, 0]}]",4.8,34,0,,1
ChIJ2ViDwsbdQUcRad2_yCO9VD4,"MozgásKlinika - GYÓGYTORNA, MANUÁLTERÁPIA, Gerincgyógyászat, Budapest",47.4771838,19.0537391,physiotherapist,"Budapest, Budafoki út 22","MozgásKlinika - GYÓGYTORNA, MANUÁLTERÁPIA, Gerincgyógyászat, Budapest Budapest, Budafoki út 22 budapest","[{'name': 'Monday', 'data': [0, 0, 0, 0, 0, 0, 0, 1, 4, 12, 25, 41, 56, 66, 70, 75, 83, 86, 72, 47, 21, 0, 0, 0]}, {'name': 'Tuesday', 'data': [0, 0, 0, 0, 0, 0, 0, 17, 32, 55, 79, 97, 100, 87, 67, 50, 48, 58, 58, 40, 18, 0, 0, 0]}, {'name': 'Wednesday', 'data': [0, 0, 0, 0, 0, 0, 0, 12, 21, 35, 55, 75, 91, 94, 85, 70, 63, 75, 83, 63, 29, 0, 0, 0]}, {'name': 'Thursday', 'data': [0, 0, 0, 0, 0, 0, 0, 20, 29, 41, 56, 71, 85, 91, 87, 77, 64, 71, 95, 85, 37, 0, 0, 0]}, {'name': 'Friday', 'data': [0, 0, 0, 0, 0, 0, 0, 18, 44, 47, 54, 74, 86, 86, 72, 54, 35, 21, 12, 8, 4, 0, 0, 0]}, {'name': 'Saturday', 'data': [0, 0, 0, 0, 0, 0, 0, 0, 1, 1, 1, 2, 6, 2, 0, 0, 0, 0, 0, 0, 0, 0, 0, 0]}, {'name': 'Sunday', 'data': [0, 0, 0, 0, 0, 0, 0, 0, 0, 0, 0, 0, 0, 0, 0, 0, 0, 0, 0, 0, 0, 0, 0, 0]}]",4.7,40,10,,0
ChIJ2ZL88qDdQUcRDx5CoyR5BpE,GRX Electro Outlet,47.4614588,19.0529977,electronics_store,"Budapest, Budafoki út 56","GRX Electro Outlet Budapest, Budafoki út 56 budapest","[{'name': 'Monday', 'data': [0, 0, 0, 0, 0, 0, 0, 0, 0, 0, 53, 77, 76, 66, 79, 100, 91, 66, 48, 0, 0, 0, 0, 0]}, {'name': 'Tuesday', 'data': [0, 0, 0, 0, 0, 0, 0, 0, 0, 0, 62, 72, 70, 68, 61, 71, 88, 79, 46, 0, 0, 0, 0, 0]}, {'name': 'Wednesday', 'data': [0, 0, 0, 0, 0, 0, 0, 0, 0, 0, 59, 69, 62, 60, 70, 79, 78, 66, 48, 0, 0, 0, 0, 0]}, {'name': 'Thursday', 'data': [0, 0, 0, 0, 0, 0, 0, 0, 0, 0, 72, 90, 83, 81, 89, 90, 77, 55, 34, 0, 0, 0, 0, 0]}, {'name': 'Friday', 'data': [0, 0, 0, 0, 0, 0, 0, 0, 0, 0, 45, 69, 81, 72, 53, 46, 63, 79, 64, 0, 0, 0, 0, 0]}, {'name': 'Saturday', 'data': [0, 0, 0, 0, 0, 0, 0, 0, 0, 0, 82, 89, 96, 64, 0, 0, 0, 0, 0, 0, 0, 0, 0, 0]}, {'name': 'Sunday', 'data': [0, 0, 0, 0, 0, 0, 0, 0, 0, 0, 0, 0, 0, 0, 0, 0, 0, 0, 0, 0, 0, 0, 0, 0]}]",3.9,170,63,"[25, 25]",1
ChIJ33h5c67dQUcRh3rdcl5oZ6A,ZARA,47.4747773,19.0498046,clothing_store,"Budapest, Október huszonharmadika utca 8-10","ZARA Budapest, Október huszonharmadika utca 8-10 budapest","[{'name': 'Monday', 'data': [0, 0, 0, 0, 0, 0, 0, 0, 0, 0, 16, 28, 41, 48, 47, 47, 61, 81, 79, 49, 18, 0, 0, 0]}, {'name': 'Tuesday', 'data': [0, 0, 0, 0, 0, 0, 0, 0, 0, 0, 21, 34, 46, 50, 48, 52, 74, 98, 91, 54, 20, 0, 0, 0]}, {'name': 'Wednesday', 'data': [0, 0, 0, 0, 0, 0, 0, 0, 0, 0, 16, 34, 53, 60, 53, 50, 65, 86, 84, 56, 24, 0, 0, 0]}, {'name': 'Thursday', 'data': [0, 0, 0, 0, 0, 0, 0, 0, 0, 0, 13, 27, 43, 55, 55, 51, 57, 84, 99, 73, 32, 0, 0, 0]}, {'name': 'Friday', 'data': [0, 0, 0, 0, 0, 0, 0, 0, 0, 0, 21, 41, 50, 53, 66, 71, 58, 65, 87, 59, 16, 0, 0, 0]}, {'name': 'Saturday', 'data': [0, 0, 0, 0, 0, 0, 0, 0, 0, 0, 0, 0, 0, 0, 0, 0, 0, 0, 0, 0, 0, 0, 0, 0]}, {'name': 'Sunday', 'data': [0, 0, 0, 0, 0, 0, 0, 0, 0, 0, 31, 51, 61, 73, 93, 100, 90, 79, 40, 0, 0, 0, 0, 0]}]",4.2,492,4,"[20, 60]",0
ChIJ41MlWKPdQUcR9NQXz6tP8JI,Budai Gasztroenterológiai Centrum,47.4647353,19.0433947,doctor,"Budapest, Fehérvári út 82","Budai Gasztroenterológiai Centrum Budapest, Fehérvári út 82 budapest","[{'name': 'Monday', 'data': [0, 0, 0, 0, 0, 0, 0, 0, 0, 52, 64, 62, 47, 35, 37, 50, 62, 62, 49, 0, 0, 0, 0, 0]}, {'name': 'Tuesday', 'data': [0, 0, 0, 0, 0, 0, 0, 0, 0, 70, 86, 74, 47, 21, 17, 47, 92, 96, 52, 0, 0, 0, 0, 0]}, {'name': 'Wednesday', 'data': [0, 0, 0, 0, 0, 0, 0, 0, 0, 86, 86, 100, 82, 49, 35, 50, 74, 82, 66, 0, 0, 0, 0, 0]}, {'name': 'Thursday', 'data': [0, 0, 0, 0, 0, 0, 0, 0, 0, 80, 72, 72, 76, 58, 43, 49, 80, 96, 70, 0, 0, 0, 0, 0]}, {'name': 'Friday', 'data': [0, 0, 0, 0, 0, 0, 0, 0, 0, 86, 80, 58, 43, 37, 37, 33, 25, 17, 9, 0, 0, 0, 0, 0]}, {'name': 'Saturday', 'data': [0, 0, 0, 0, 0, 0, 0, 0, 0, 0, 0, 0, 0, 0, 0, 0, 0, 0, 0, 0, 0, 0, 0, 0]}, {'name': 'Sunday', 'data': [0, 0, 0, 0, 0, 0, 0, 0, 0, 0, 0, 0, 0, 0, 0, 0, 0, 0, 0, 0, 0, 0, 0, 0]}]",4.4,31,100,,0
ChIJ43im-qDdQUcRhRlioli0rmc,OMV,47.461458,19.0520698,gas_station,"Budapest, Budafoki út 111-113","OMV Budapest, Budafoki út 111-113 budapest","[{'name': 'Monday', 'data': [1, 1, 1, 1, 1, 19, 44, 67, 81, 81, 69, 51, 41, 45, 61, 76, 80, 69, 50, 35, 26, 23, 17, 10]}, {'name': 'Tuesday', 'data': [1, 1, 1, 1, 14, 32, 53, 70, 79, 76, 65, 51, 41, 39, 45, 53, 58, 57, 50, 43, 37, 32, 27, 21]}, {'name': 'Wednesday', 'data': [11, 3, 1, 2, 3, 30, 62, 80, 77, 59, 42, 34, 35, 39, 44, 49, 53, 58, 61, 61, 58, 50, 39, 25]}, {'name': 'Thursday', 'data': [11, 1, 1, 1, 7, 28, 53, 71, 79, 75, 65, 57, 59, 70, 86, 97, 100, 91, 77, 63, 52, 44, 36, 24]}, {'name': 'Friday', 'data': [10, 1, 1, 1, 3, 14, 34, 57, 73, 79, 73, 63, 56, 57, 68, 83, 96, 99, 93, 83, 73, 69, 67, 64]}, {'name': 'Saturday', 'data': [53, 35, 16, 4, 9, 10, 17, 30, 47, 64, 76, 80, 76, 65, 50, 37, 29, 26, 30, 38, 46, 53, 54, 51]}, {'name': 'Sunday', 'data': [44, 33, 23, 14, 1, 1, 4, 12, 19, 24, 28, 30, 30, 28, 25, 24, 27, 34, 44, 51, 50, 40, 23, 4]}]",4.3,673,60,"[10, 10]",0
ChIJ46y3BrPdQUcRcPB_NMbzbDU,4 Street Coffee,47.4769974,19.0468849,cafe,"Móricz Zsigmond Körtér Gomba 3. cikkely, Budapest, Hungary","4 Street Coffee Móricz Zsigmond Körtér Gomba 3. cikkely, Budapest, Hungary budapest","[{'name': 'Monday', 'data': [0, 0, 0, 0, 0, 0, 0, 35, 57, 66, 58, 48, 50, 61, 66, 67, 73, 79, 69, 41, 0, 0, 0, 0]}, {'name': 'Tuesday', 'data': [0, 0, 0, 0, 0, 0, 0, 22, 36, 51, 64, 72, 75, 77, 82, 92, 100, 95, 77, 50, 0, 0, 0, 0]}, {'name': 'Wednesday', 'data': [0, 0, 0, 0, 0, 0, 0, 28, 46, 62, 68, 68, 71, 78, 84, 81, 73, 64, 55, 41, 0, 0, 0, 0]}, {'name': 'Thursday', 'data': [0, 0, 0, 0, 0, 0, 0, 22, 43, 67, 85, 90, 77, 63, 63, 75, 85, 83, 68, 46, 0, 0, 0, 0]}, {'name': 'Friday', 'data': [0, 0, 0, 0, 0, 0, 0, 30, 43, 55, 60, 59, 57, 57, 61, 67, 70, 65, 53, 37, 0, 0, 0, 0]}, {'name': 'Saturday', 'data': [0, 0, 0, 0, 0, 0, 0, 0, 0, 0, 49, 78, 72, 64, 70, 71, 59, 41, 22, 0, 0, 0, 0, 0]}, {'name': 'Sunday', 'data': [0, 0, 0, 0, 0, 0, 0, 0, 0, 0, 45, 74, 68, 57, 59, 60, 60, 52, 34, 0, 0, 0, 0, 0]}]",4.4,731,49,"[25, 90]",1
ChIJ4ws5AsjdQUcRj4A9bmFv_2U,115. posta,47.4720899,19.0322639,post_office,"Budapest, Bartók Béla út 112","115. posta Budapest, Bartók Béla út 112 budapest","[{'name': 'Monday', 'data': [0, 0, 0, 0, 0, 0, 0, 0, 0, 35, 58, 71, 69, 62, 79, 99, 68, 0, 0, 0, 0, 0, 0, 0]}, {'name': 'Tuesday', 'data': [0, 0, 0, 0, 0, 0, 0, 0, 0, 61, 90, 85, 59, 49, 65, 81, 71, 0, 0, 0, 0, 0, 0, 0]}, {'name': 'Wednesday', 'data': [0, 0, 0, 0, 0, 0, 0, 0, 0, 50, 66, 71, 64, 55, 62, 70, 51, 0, 0, 0, 0, 0, 0, 0]}, {'name': 'Thursday', 'data': [0, 0, 0, 0, 0, 0, 0, 0, 0, 47, 63, 66, 57, 58, 84, 100, 66, 0, 0, 0, 0, 0, 0, 0]}, {'name': 'Friday', 'data': [0, 0, 0, 0, 0, 0, 0, 0, 0, 46, 61, 63, 59, 61, 74, 71, 42, 0, 0, 0, 0, 0, 0, 0]}, {'name': 'Saturday', 'data': [0, 0, 0, 0, 0, 0, 0, 0, 0, 0, 0, 0, 0, 0, 0, 0, 0, 0, 0, 0, 0, 0, 0, 0]}, {'name': 'Sunday', 'data': [0, 0, 0, 0, 0, 0, 0, 0, 0, 0, 0, 0, 0, 0, 0, 0, 0, 0, 0, 0, 0, 0, 0, 0]}]",3.3,34,46,"[10, 10]",1
ChIJ5-HjW7LdQUcRjsH2tGWTC_Q,Bakos Wood Industry Trade and Production Private Company,47.4765915,19.047773,hardware_store,"Budapest, Váli utca 2","Bakos Wood Industry Trade and Production Private Company Budapest, Váli utca 2 budapest","[{'name': 'Monday', 'data': [0, 0, 0, 0, 0, 0, 0, 0, 17, 37, 54, 60, 57, 55, 60, 67, 66, 55, 0, 0, 0, 0, 0, 0]}, {'name': 'Tuesday', 'data': [0, 0, 0, 0, 0, 0, 0, 0, 25, 39, 50, 61, 62, 58, 64, 77, 77, 58, 0, 0, 0, 0, 0, 0]}, {'name': 'Wednesday', 'data': [0, 0, 0, 0, 0, 0, 0, 0, 23, 39, 54, 64, 64, 55, 42, 53, 100, 75, 0, 0, 0, 0, 0, 0]}, {'name': 'Thursday', 'data': [0, 0, 0, 0, 0, 0, 0, 0, 30, 46, 56, 58, 56, 56, 57, 55, 48, 35, 0, 0, 0, 0, 0, 0]}, {'name': 'Friday', 'data': [0, 0, 0, 0, 0, 0, 0, 0, 36, 54, 54, 42, 39, 53, 72, 80, 69, 46, 0, 0, 0, 0, 0, 0]}, {'name': 'Saturday', 'data': [0, 0, 0, 0, 0, 0, 0, 0, 0, 0, 0, 0, 0, 0, 0, 0, 0, 0, 0, 0, 0, 0, 0, 0]}, {'name': 'Sunday', 'data': [0, 0, 0, 0, 0, 0, 0, 0, 0, 0, 0, 0, 0, 0, 0, 0, 0, 0, 0, 0, 0, 0, 0, 0]}]",4.4,506,97,"[15, 15]",1
ChIJ56g2TLLdQUcRYUR1r1T3tCM,Magyar Posta 112,47.4759564,19.0467618,post_office,"Budapest, Fehérvári út 9-11","Magyar Posta 112 Budapest, Fehérvári út 9-11 budapest","[{'name': 'Monday', 'data': [0, 0, 0, 0, 0, 0, 0, 0, 36, 53, 65, 68, 64, 63, 71, 85, 91, 80, 56, 0, 0, 0, 0, 0]}, {'name': 'Tuesday', 'data': [0, 0, 0, 0, 0, 0, 0, 0, 28, 46, 63, 73, 72, 66, 67, 81, 96, 90, 62, 0, 0, 0, 0, 0]}, {'name': 'Wednesday', 'data': [0, 0, 0, 0, 0, 0, 0, 0, 29, 47, 63, 71, 70, 65, 65, 73, 80, 76, 59, 0, 0, 0, 0, 0]}, {'name': 'Thursday', 'data': [0, 0, 0, 0, 0, 0, 0, 0, 27, 42, 56, 63, 63, 63, 73, 92, 100, 81, 47, 0, 0, 0, 0, 0]}, {'name': 'Friday', 'data': [0, 0, 0, 0, 0, 0, 0, 0, 27, 39, 49, 55, 59, 62, 67, 69, 65, 54, 38, 0, 0, 0, 0, 0]}, {'name': 'Saturday', 'data': [0, 0, 0, 0, 0, 0, 0, 0, 15, 29, 36, 35, 41, 32, 0, 0, 0, 0, 0, 0, 0, 0, 0, 0]}, {'name': 'Sunday', 'data': [0, 0, 0, 0, 0, 0, 0, 0, 0, 0, 0, 0, 0, 0, 0, 0, 0, 0, 0, 0, 0, 0, 0, 0]}]",1.9,350,69,"[15, 15]",1
ChIJ57orPKzdQUcRgvA2FmA3jvU,OMV,47.4740964,19.0542288,gas_station,"Budapest, Irinyi József utca 34-36","OMV Budapest, Irinyi József utca 34-36 budapest","[{'name': 'Monday', 'data': [0, 0, 0, 0, 0, 0, 28, 50, 73, 89, 93, 86, 71, 58, 51, 52, 58, 63, 64, 58, 46, 31, 0, 0]}, {'name': 'Tuesday', 'data': [0, 0, 0, 0, 0, 0, 31, 55, 74, 80, 71, 58, 55, 70, 93, 100, 88, 74, 67, 62, 51, 34, 0, 0]}, {'name': 'Wednesday', 'data': [0, 0, 0, 0, 0, 0, 22, 43, 62, 76, 81, 76, 71, 70, 76, 84, 90, 89, 81, 66, 49, 31, 0, 0]}, {'name': 'Thursday', 'data': [0, 0, 0, 0, 0, 0, 29, 53, 71, 75, 75, 79, 85, 91, 96, 99, 99, 94, 84, 69, 52, 34, 0, 0]}, {'name': 'Friday', 'data': [0, 0, 0, 0, 0, 0, 41, 61, 78, 88, 88, 79, 66, 55, 53, 62, 78, 93, 99, 90, 70, 46, 0, 0]}, {'name': 'Saturday', 'data': [0, 0, 0, 0, 0, 0, 43, 59, 44, 45, 59, 68, 70, 65, 58, 53, 52, 53, 52, 48, 39, 29, 0, 0]}, {'name': 'Sunday', 'data': [0, 0, 0, 0, 0, 0, 13, 26, 37, 42, 43, 46, 51, 56, 56, 56, 62, 73, 80, 74, 54, 29, 0, 0]}]",4.2,196,36,"[10, 10]",1
ChIJ5eYmprzdQUcRc3qWCA5nc74,VIDA Fitness Budapest,47.4649461,19.041616,gym,"Budapest, Petzvál József utca 46-48","VIDA Fitness Budapest Budapest, Petzvál József utca 46-48 budapest","[{'name': 'Monday', 'data': [0, 0, 0, 0, 0, 0, 0, 33, 45, 53, 58, 58, 51, 42, 39, 54, 79, 99, 96, 71, 38, 13, 0, 0]}, {'name': 'Tuesday', 'data': [0, 0, 0, 0, 0, 0, 0, 27, 36, 41, 43, 43, 41, 42, 50, 67, 87, 100, 94, 72, 43, 18, 0, 0]}, {'name': 'Wednesday', 'data': [0, 0, 0, 0, 0, 0, 0, 23, 35, 44, 49, 48, 41, 34, 31, 40, 63, 87, 94, 78, 47, 19, 0, 0]}, {'name': 'Thursday', 'data': [0, 0, 0, 0, 0, 0, 0, 24, 32, 39, 43, 42, 38, 35, 37, 48, 67, 82, 86, 72, 48, 24, 0, 0]}, {'name': 'Friday', 'data': [0, 0, 0, 0, 0, 0, 0, 23, 32, 38, 40, 38, 34, 32, 34, 42, 52, 59, 58, 48, 34, 18, 0, 0]}, {'name': 'Saturday', 'data': [0, 0, 0, 0, 0, 0, 0, 0, 0, 25, 40, 47, 41, 24, 0, 0, 0, 0, 0, 0, 0, 0, 0, 0]}, {'name': 'Sunday', 'data': [0, 0, 0, 0, 0, 0, 0, 0, 0, 17, 34, 37, 38, 36, 0, 0, 0, 0, 0, 0, 0, 0, 0, 0]}]",4.8,68,75,"[60, 120]",0
ChIJ8RbsmczdQUcRHxylhhb6yO0,Villnet Bt.,47.48078710000001,19.0304572,home_goods_store,"Budapest, Karolina út 17","Villnet Bt. Budapest, Karolina út 17 budapest","[{'name': 'Monday', 'data': [0, 0, 0, 0, 0, 0, 0, 21, 48, 79, 92, 79, 55, 46, 62, 75, 59, 0, 0, 0, 0, 0, 0, 0]}, {'name': 'Tuesday', 'data': [0, 0, 0, 0, 0, 0, 0, 37, 68, 81, 84, 92, 92, 69, 43, 43, 50, 0, 0, 0, 0, 0, 0, 0]}, {'name': 'Wednesday', 'data': [0, 0, 0, 0, 0, 0, 0, 39, 85, 93, 66, 55, 59, 54, 54, 67, 60, 0, 0, 0, 0, 0, 0, 0]}, {'name': 'Thursday', 'data': [0, 0, 0, 0, 0, 0, 0, 33, 60, 81, 87, 83, 81, 90, 93, 80, 53, 0, 0, 0, 0, 0, 0, 0]}, {'name': 'Friday', 'data': [0, 0, 0, 0, 0, 0, 0, 33, 55, 74, 80, 69, 50, 37, 54, 74, 45, 0, 0, 0, 0, 0, 0, 0]}, {'name': 'Saturday', 'data': [0, 0, 0, 0, 0, 0, 0, 0, 25, 72, 100, 68, 0, 0, 0, 0, 0, 0, 0, 0, 0, 0, 0, 0]}, {'name': 'Sunday', 'data': [0, 0, 0, 0, 0, 0, 0, 0, 0, 0, 0, 0, 0, 0, 0, 0, 0, 0, 0, 0, 0, 0, 0, 0]}]",4.7,155,0,"[15, 15]",0
ChIJ8TzsYr7dQUcRAaU1xHD7JFU,Mályva Gyógyszertár,47.4641111,19.0325767,pharmacy,"Budapest, Tétényi út 63","Mályva Gyógyszertár Budapest, Tétényi út 63 budapest","[{'name': 'Monday', 'data': [0, 0, 0, 0, 0, 0, 0, 0, 23, 39, 55, 64, 63, 55, 55, 75, 100, 97, 62, 26, 0, 0, 0, 0]}, {'name': 'Tuesday', 'data': [0, 0, 0, 0, 0, 0, 0, 0, 33, 49, 61, 65, 59, 50, 49, 64, 81, 78, 51, 22, 0, 0, 0, 0]}, {'name': 'Wednesday', 'data': [0, 0, 0, 0, 0, 0, 0, 0, 27, 49, 62, 58, 51, 59, 72, 69, 65, 66, 50, 22, 0, 0, 0, 0]}, {'name': 'Thursday', 'data': [0, 0, 0, 0, 0, 0, 0, 0, 26, 46, 63, 65, 55, 48, 57, 79, 91, 80, 52, 24, 0, 0, 0, 0]}, {'name': 'Friday', 'data': [0, 0, 0, 0, 0, 0, 0, 0, 33, 56, 71, 72, 66, 67, 76, 80, 71, 50, 28, 13, 0, 0, 0, 0]}, {'name': 'Saturday', 'data': [0, 0, 0, 0, 0, 0, 0, 0, 13, 25, 37, 39, 29, 16, 0, 0, 0, 0, 0, 0, 0, 0, 0, 0]}, {'name': 'Sunday', 'data': [0, 0, 0, 0, 0, 0, 0, 0, 0, 0, 0, 0, 0, 0, 0, 0, 0, 0, 0, 0, 0, 0, 0, 0]}]",3.3,35,69,"[15, 15]",0
ChIJ8TzsYr7dQUcRw-U41avqAEA,Somfa Cukrászda,47.464662100000005,19.0330048,bakery,"Budapest, Tétényi út 63","Somfa Cukrászda Budapest, Tétényi út 63 budapest","[{'name': 'Monday', 'data': [0, 0, 0, 0, 0, 0, 0, 0, 0, 0, 0, 22, 33, 38, 40, 46, 53, 48, 31, 0, 0, 0, 0, 0]}, {'name': 'Tuesday', 'data': [0, 0, 0, 0, 0, 0, 0, 0, 0, 0, 0, 32, 35, 34, 31, 41, 80, 77, 31, 0, 0, 0, 0, 0]}, {'name': 'Wednesday', 'data': [0, 0, 0, 0, 0, 0, 0, 0, 0, 0, 0, 21, 40, 43, 30, 25, 44, 58, 40, 0, 0, 0, 0, 0]}, {'name': 'Thursday', 'data': [0, 0, 0, 0, 0, 0, 0, 0, 0, 0, 0, 25, 29, 29, 29, 41, 60, 53, 38, 0, 0, 0, 0, 0]}, {'name': 'Friday', 'data': [0, 0, 0, 0, 0, 0, 0, 0, 0, 0, 0, 40, 47, 26, 29, 45, 55, 51, 35, 0, 0, 0, 0, 0]}, {'name': 'Saturday', 'data': [0, 0, 0, 0, 0, 0, 0, 0, 0, 0, 0, 49, 48, 46, 55, 76, 89, 75, 43, 0, 0, 0, 0, 0]}, {'name': 'Sunday', 'data': [0, 0, 0, 0, 0, 0, 0, 0, 0, 0, 0, 31, 52, 52, 69, 100, 84, 65, 49, 0, 0, 0, 0, 0]}]",4.1,319,99,"[30, 30]",1
ChIJ8TzsYr7dQUcRyFEo0dhkE0Y,KissLife Fitness & Gym,47.4644344,19.032274800000003,gym,"Budapest, Tétényi út 63","KissLife Fitness & Gym Budapest, Tétényi út 63 budapest","[{'name': 'Monday', 'data': [0, 0, 0, 0, 0, 0, 22, 38, 36, 32, 37, 39, 34, 31, 39, 57, 76, 85, 80, 63, 41, 0, 0, 0]}, {'name': 'Tuesday', 'data': [0, 0, 0, 0, 0, 0, 34, 44, 29, 26, 31, 33, 32, 30, 31, 42, 66, 90, 100, 84, 54, 0, 0, 0]}, {'name': 'Wednesday', 'data': [0, 0, 0, 0, 0, 0, 18, 31, 40, 39, 33, 27, 28, 35, 46, 56, 63, 68, 68, 60, 45, 0, 0, 0]}, {'name': 'Thursday', 'data': [0, 0, 0, 0, 0, 0, 21, 35, 43, 40, 33, 29, 33, 40, 45, 48, 55, 64, 69, 60, 41, 0, 0, 0]}, {'name': 'Friday', 'data': [0, 0, 0, 0, 0, 0, 21, 32, 36, 34, 28, 25, 28, 35, 43, 49, 50, 49, 44, 35, 23, 0, 0, 0]}, {'name': 'Saturday', 'data': [0, 0, 0, 0, 0, 0, 0, 0, 16, 24, 30, 31, 28, 23, 22, 26, 31, 29, 20, 10, 0, 0, 0, 0]}, {'name': 'Sunday', 'data': [0, 0, 0, 0, 0, 0, 0, 0, 14, 21, 26, 29, 28, 25, 22, 22, 24, 27, 24, 16, 0, 0, 0, 0]}]",4.8,100,49,"[90, 90]",0
ChIJ8dJOkrLdQUcR-VRcQp5-0i0,Sarki Tanszék,47.4773598,19.0495138,bar,"Budapest, Karinthy Frigyes út 8","Sarki Tanszék Budapest, Karinthy Frigyes út 8 budapest","[{'name': 'Monday', 'data': [0, 0, 0, 0, 0, 0, 0, 0, 0, 0, 0, 0, 1, 1, 3, 5, 9, 17, 29, 43, 52, 51, 40, 24]}, {'name': 'Tuesday', 'data': [0, 0, 0, 0, 0, 0, 0, 0, 0, 0, 0, 0, 2, 4, 6, 10, 16, 28, 43, 57, 63, 60, 52, 35]}, {'name': 'Wednesday', 'data': [0, 0, 0, 0, 0, 0, 0, 0, 0, 0, 0, 0, 2, 5, 8, 11, 16, 26, 48, 77, 90, 85, 79, 60]}, {'name': 'Thursday', 'data': [0, 0, 0, 0, 0, 0, 0, 0, 0, 0, 0, 0, 5, 7, 9, 11, 16, 31, 53, 67, 80, 100, 99, 64]}, {'name': 'Friday', 'data': [0, 0, 0, 0, 0, 0, 0, 0, 0, 0, 0, 0, 1, 2, 5, 8, 14, 24, 39, 53, 61, 71, 84, 64]}, {'name': 'Saturday', 'data': [0, 0, 0, 0, 0, 0, 0, 0, 0, 0, 0, 0, 1, 1, 5, 9, 13, 17, 24, 35, 49, 59, 55, 39]}, {'name': 'Sunday', 'data': [0, 0, 0, 0, 0, 0, 0, 0, 0, 0, 0, 0, 1, 3, 6, 10, 13, 16, 18, 22, 29, 33, 30, 19]}]",4.2,960,7,"[45, 120]",1
ChIJ988896bdQUcR1Ea1W5mDJ_s,Car Mirai Kft.,47.4655201,19.0525978,car_dealer,"Budapest, Budafoki út 105","Car Mirai Kft. Budapest, Budafoki út 105 budapest","[{'name': 'Monday', 'data': [0, 0, 0, 0, 0, 0, 0, 42, 67, 76, 72, 73, 87, 100, 96, 76, 48, 26, 0, 0, 0, 0, 0, 0]}, {'name': 'Tuesday', 'data': [0, 0, 0, 0, 0, 0, 0, 37, 69, 91, 92, 88, 90, 92, 82, 62, 39, 20, 0, 0, 0, 0, 0, 0]}, {'name': 'Wednesday', 'data': [0, 0, 0, 0, 0, 0, 0, 44, 71, 83, 79, 73, 81, 96, 97, 76, 45, 19, 0, 0, 0, 0, 0, 0]}, {'name': 'Thursday', 'data': [0, 0, 0, 0, 0, 0, 0, 44, 75, 90, 84, 79, 83, 88, 84, 70, 51, 32, 0, 0, 0, 0, 0, 0]}, {'name': 'Friday', 'data': [0, 0, 0, 0, 0, 0, 0, 30, 55, 72, 71, 62, 64, 77, 84, 72, 47, 23, 0, 0, 0, 0, 0, 0]}, {'name': 'Saturday', 'data': [0, 0, 0, 0, 0, 0, 0, 0, 0, 12, 24, 28, 20, 0, 0, 0, 0, 0, 0, 0, 0, 0, 0, 0]}, {'name': 'Sunday', 'data': [0, 0, 0, 0, 0, 0, 0, 0, 0, 0, 0, 0, 0, 0, 0, 0, 0, 0, 0, 0, 0, 0, 0, 0]}]",4.3,386,57,"[20, 20]",1
ChIJ9_r2kr7dQUcRJC59T-Ydkb0,Bikás park,47.4651162,19.0331709,subway_station,Hungary,Bikás park Hungary budapest,"[{'name': 'Monday', 'data': [0, 1, 1, 1, 0, 7, 14, 22, 27, 30, 34, 36, 36, 35, 38, 47, 58, 65, 63, 52, 36, 21, 9, 1]}, {'name': 'Tuesday', 'data': [1, 1, 1, 1, 2, 8, 15, 22, 27, 32, 38, 42, 43, 40, 41, 50, 65, 76, 76, 63, 43, 23, 9, 0]}, {'name': 'Wednesday', 'data': [1, 1, 1, 1, 2, 9, 18, 26, 30, 32, 35, 40, 42, 42, 44, 53, 67, 77, 76, 63, 43, 24, 9, 1]}, {'name': 'Thursday', 'data': [1, 1, 1, 1, 0, 7, 16, 25, 32, 36, 38, 40, 42, 43, 46, 54, 66, 75, 74, 62, 43, 24, 9, 1]}, {'name': 'Friday', 'data': [1, 1, 1, 1, 1, 7, 14, 20, 24, 28, 33, 38, 43, 46, 50, 56, 63, 68, 66, 56, 42, 26, 13, 4]}, {'name': 'Saturday', 'data': [1, 1, 1, 1, 3, 7, 15, 30, 53, 78, 92, 89, 76, 67, 68, 76, 82, 79, 68, 50, 32, 17, 6, 1]}, {'name': 'Sunday', 'data': [1, 1, 0, 1, 1, 1, 0, 3, 9, 22, 40, 57, 67, 71, 78, 90, 100, 97, 79, 53, 29, 13, 4, 1]}]",4.6,9416,15,"[60, 60]",1
ChIJCaBYG8jdQUcRiPpmh8heDOE,IL Treno,47.4723097,19.0317326,meal_takeaway,"Budapest, Bartók Béla út 105-113","IL Treno Budapest, Bartók Béla út 105-113 budapest","[{'name': 'Monday', 'data': [0, 0, 0, 0, 0, 0, 0, 0, 0, 0, 0, 57, 72, 54, 35, 27, 22, 18, 18, 21, 20, 13, 4, 0]}, {'name': 'Tuesday', 'data': [0, 0, 0, 0, 0, 0, 0, 0, 0, 0, 0, 69, 100, 90, 54, 28, 22, 25, 28, 27, 23, 16, 10, 0]}, {'name': 'Wednesday', 'data': [0, 0, 0, 0, 0, 0, 0, 0, 0, 0, 0, 68, 81, 74, 55, 36, 28, 28, 29, 27, 22, 15, 7, 0]}, {'name': 'Thursday', 'data': [0, 0, 0, 0, 0, 0, 0, 0, 0, 0, 0, 71, 83, 71, 46, 26, 21, 27, 35, 38, 33, 22, 11, 0]}, {'name': 'Friday', 'data': [0, 0, 0, 0, 0, 0, 0, 0, 0, 0, 0, 44, 54, 53, 43, 31, 25, 27, 33, 37, 33, 23, 11, 0]}, {'name': 'Saturday', 'data': [0, 0, 0, 0, 0, 0, 0, 0, 0, 0, 0, 9, 13, 16, 18, 19, 20, 21, 22, 21, 19, 14, 9, 0]}, {'name': 'Sunday', 'data': [0, 0, 0, 0, 0, 0, 0, 0, 0, 0, 0, 16, 32, 43, 40, 27, 16, 18, 28, 33, 25, 12, 3, 0]}]",4.1,605,35,"[20, 90]",0
ChIJDXSOQaXdQUcRCZQYzWSxwDk,Prima Nádorliget,47.4683277,19.046798100000004,supermarket,"Budapest, Nádorliget utca 5","Prima Nádorliget Budapest, Nádorliget utca 5 budapest","[{'name': 'Monday', 'data': [0, 0, 0, 0, 0, 0, 19, 55, 59, 30, 11, 95, 58, 15, 19, 22, 24, 25, 23, 21, 16, 0, 0, 0]}, {'name': 'Tuesday', 'data': [0, 0, 0, 0, 0, 0, 39, 61, 80, 92, 94, 87, 76, 64, 55, 50, 47, 47, 44, 39, 31, 0, 0, 0]}, {'name': 'Wednesday', 'data': [0, 0, 0, 0, 0, 0, 36, 49, 50, 41, 42, 83, 64, 21, 20, 26, 31, 34, 36, 34, 29, 0, 0, 0]}, {'name': 'Thursday', 'data': [0, 0, 0, 0, 0, 0, 40, 57, 60, 47, 31, 100, 53, 14, 22, 31, 39, 44, 46, 43, 36, 0, 0, 0]}, {'name': 'Friday', 'data': [0, 0, 0, 0, 0, 0, 22, 34, 40, 38, 34, 54, 74, 31, 21, 23, 25, 26, 25, 21, 16, 0, 0, 0]}, {'name': 'Saturday', 'data': [0, 0, 0, 0, 0, 0, 0, 1, 7, 15, 20, 22, 21, 18, 13, 7, 1, 0, 0, 0, 0, 0, 0, 0]}, {'name': 'Sunday', 'data': [0, 0, 0, 0, 0, 0, 0, 1, 1, 1, 8, 15, 13, 3, 0, 0, 0, 0, 0, 0, 0, 0, 0, 0]}]",3.9,203,100,"[15, 15]",1
ChIJF5qn1rLdQUcRMhe8jpZkpLA,Erste Bank fiók,47.4785191,19.0489628,bank,"Budapest, 47., Bartók Béla út 43","Erste Bank fiók Budapest, 47., Bartók Béla út 43 budapest","[{'name': 'Monday', 'data': [0, 0, 0, 0, 0, 0, 0, 0, 51, 80, 100, 97, 79, 64, 67, 73, 64, 39, 0, 0, 0, 0, 0, 0]}, {'name': 'Tuesday', 'data': [0, 0, 0, 0, 0, 0, 0, 0, 71, 93, 96, 89, 83, 78, 67, 50, 0, 0, 0, 0, 0, 0, 0, 0]}, {'name': 'Wednesday', 'data': [0, 0, 0, 0, 0, 0, 0, 0, 57, 81, 88, 82, 74, 68, 61, 50, 0, 0, 0, 0, 0, 0, 0, 0]}, {'name': 'Thursday', 'data': [0, 0, 0, 0, 0, 0, 0, 0, 52, 76, 84, 82, 77, 70, 57, 40, 0, 0, 0, 0, 0, 0, 0, 0]}, {'name': 'Friday', 'data': [0, 0, 0, 0, 0, 0, 0, 0, 47, 71, 72, 67, 66, 56, 35, 0, 0, 0, 0, 0, 0, 0, 0, 0]}, {'name': 'Saturday', 'data': [0, 0, 0, 0, 0, 0, 0, 0, 0, 0, 0, 0, 0, 0, 0, 0, 0, 0, 0, 0, 0, 0, 0, 0]}, {'name': 'Sunday', 'data': [0, 0, 0, 0, 0, 0, 0, 0, 0, 0, 0, 0, 0, 0, 0, 0, 0, 0, 0, 0, 0, 0, 0, 0]}]",2.1,76,78,"[15, 45]",0
ChIJF7Vjr8rdQUcRED3jByrEAA8,Buda Arboretum,47.4793271,19.0390602,park,"Budapest, Villányi út 29-43","Buda Arboretum Budapest, Villányi út 29-43 budapest","[{'name': 'Monday', 'data': [0, 0, 0, 0, 0, 0, 0, 0, 34, 70, 94, 94, 86, 75, 59, 42, 0, 0, 0, 0, 0, 0, 0, 0]}, {'name': 'Tuesday', 'data': [0, 0, 0, 0, 0, 0, 0, 0, 55, 85, 88, 81, 81, 77, 63, 47, 0, 0, 0, 0, 0, 0, 0, 0]}, {'name': 'Wednesday', 'data': [0, 0, 0, 0, 0, 0, 0, 0, 56, 92, 100, 94, 97, 97, 78, 50, 0, 0, 0, 0, 0, 0, 0, 0]}, {'name': 'Thursday', 'data': [0, 0, 0, 0, 0, 0, 0, 0, 47, 87, 82, 81, 88, 83, 68, 51, 0, 0, 0, 0, 0, 0, 0, 0]}, {'name': 'Friday', 'data': [0, 0, 0, 0, 0, 0, 0, 0, 35, 57, 67, 63, 59, 58, 57, 50, 0, 0, 0, 0, 0, 0, 0, 0]}, {'name': 'Saturday', 'data': [0, 0, 0, 0, 0, 0, 0, 0, 19, 40, 64, 82, 83, 71, 55, 43, 0, 0, 0, 0, 0, 0, 0, 0]}, {'name': 'Sunday', 'data': [0, 0, 0, 0, 0, 0, 0, 0, 3, 9, 16, 21, 22, 21, 23, 24, 0, 0, 0, 0, 0, 0, 0, 0]}]",4.5,222,61,"[120, 120]",0
ChIJFT0Z4rTdQUcRfw8rUD7ZA6I,Villányi Fitness,47.4788697,19.0411906,gym,"Budapest, Villányi út 27","Villányi Fitness Budapest, Villányi út 27 budapest","[{'name': 'Monday', 'data': [0, 0, 0, 0, 0, 0, 10, 23, 37, 46, 47, 39, 25, 14, 13, 27, 59, 91, 100, 75, 39, 13, 0, 0]}, {'name': 'Tuesday', 'data': [0, 0, 0, 0, 0, 0, 7, 12, 18, 21, 23, 21, 17, 14, 18, 35, 66, 94, 97, 72, 37, 12, 0, 0]}, {'name': 'Wednesday', 'data': [0, 0, 0, 0, 0, 0, 17, 30, 42, 48, 46, 37, 25, 15, 13, 24, 47, 72, 79, 64, 37, 15, 0, 0]}, {'name': 'Thursday', 'data': [0, 0, 0, 0, 0, 0, 14, 27, 37, 37, 31, 26, 22, 13, 10, 22, 46, 71, 80, 65, 39, 16, 0, 0]}, {'name': 'Friday', 'data': [0, 0, 0, 0, 0, 0, 3, 13, 27, 37, 35, 24, 14, 12, 18, 28, 36, 38, 33, 23, 13, 5, 0, 0]}, {'name': 'Saturday', 'data': [0, 0, 0, 0, 0, 0, 0, 0, 15, 18, 16, 23, 25, 16, 5, 0, 0, 0, 0, 0, 0, 0, 0, 0]}, {'name': 'Sunday', 'data': [0, 0, 0, 0, 0, 0, 0, 0, 5, 13, 18, 19, 17, 14, 9, 0, 0, 0, 0, 0, 0, 0, 0, 0]}]",4.5,83,0,"[60, 120]",0
ChIJFylk8XPeQUcRRThGMFpIysk,Nemzeti Dohánybolt Budafoki-Karinthy sarok,47.4763289,19.0531663,drugstore,"Budapest, Karinthy Frigyes út 28","Nemzeti Dohánybolt Budafoki-Karinthy sarok Budapest, Karinthy Frigyes út 28 budapest","[{'name': 'Monday', 'data': [0, 0, 0, 0, 0, 0, 0, 43, 71, 51, 25, 28, 46, 53, 41, 35, 51, 76, 84, 61, 28, 5, 0, 0]}, {'name': 'Tuesday', 'data': [0, 0, 0, 0, 0, 0, 0, 58, 69, 12, 23, 41, 58, 66, 66, 64, 69, 79, 82, 69, 46, 20, 0, 0]}, {'name': 'Wednesday', 'data': [0, 0, 0, 0, 0, 0, 0, 64, 25, 17, 41, 64, 76, 79, 71, 69, 66, 66, 61, 51, 38, 25, 0, 0]}, {'name': 'Thursday', 'data': [0, 0, 0, 0, 0, 0, 0, 12, 23, 33, 46, 58, 69, 76, 79, 76, 74, 76, 92, 100, 76, 38, 0, 0]}, {'name': 'Friday', 'data': [0, 0, 0, 0, 0, 0, 0, 20, 33, 46, 58, 69, 74, 74, 71, 64, 61, 66, 74, 69, 51, 25, 0, 0]}, {'name': 'Saturday', 'data': [0, 0, 0, 0, 0, 0, 0, 0, 35, 53, 48, 76, 92, 35, 25, 35, 48, 58, 58, 53, 43, 30, 0, 0]}, {'name': 'Sunday', 'data': [0, 0, 0, 0, 0, 0, 0, 0, 12, 33, 43, 41, 43, 53, 56, 43, 0, 0, 0, 0, 0, 0, 0, 0]}]",4.5,49,60,"[10, 10]",0
ChIJG1XabE3cQUcRrCc6E_FnSkM,"Béla. bár, étterem, lakás, arborétum",47.4803508,19.0514233,bar,"Budapest, Bartók Béla út 23","Béla. bár, étterem, lakás, arborétum Budapest, Bartók Béla út 23 budapest","[{'name': 'Monday', 'data': [0, 0, 0, 0, 0, 0, 0, 0, 0, 0, 0, 4, 8, 13, 19, 23, 28, 34, 43, 55, 61, 57, 42, 0]}, {'name': 'Tuesday', 'data': [0, 0, 0, 0, 0, 0, 0, 0, 0, 0, 0, 6, 11, 15, 18, 22, 27, 39, 59, 77, 75, 66, 64, 45]}, {'name': 'Wednesday', 'data': [0, 0, 0, 0, 0, 0, 0, 0, 0, 0, 0, 10, 14, 17, 20, 25, 31, 42, 57, 70, 76, 71, 57, 38]}, {'name': 'Thursday', 'data': [0, 0, 0, 0, 0, 0, 0, 0, 0, 0, 0, 8, 12, 15, 19, 22, 25, 36, 69, 100, 87, 72, 75, 65]}, {'name': 'Friday', 'data': [40, 0, 0, 0, 0, 0, 0, 0, 0, 0, 0, 8, 12, 16, 20, 23, 27, 35, 51, 74, 90, 91, 92, 95]}, {'name': 'Saturday', 'data': [78, 0, 0, 0, 0, 0, 0, 0, 0, 0, 0, 10, 15, 20, 25, 29, 32, 37, 47, 63, 74, 76, 78, 75]}, {'name': 'Sunday', 'data': [53, 0, 0, 0, 0, 0, 0, 0, 0, 0, 0, 8, 19, 29, 34, 34, 32, 33, 37, 40, 38, 31, 20, 0]}]",4.4,1296,4,"[60, 150]",1
ChIJGbC4r7LdQUcRro4JxRFMQwc,Mag Pub,47.4782658,19.0509837,bar,"Budapest, Bercsényi utca 9","Mag Pub Budapest, Bercsényi utca 9 budapest","[{'name': 'Monday', 'data': [0, 0, 0, 0, 0, 0, 0, 0, 0, 0, 0, 0, 5, 6, 7, 8, 11, 17, 32, 51, 65, 62, 45, 0]}, {'name': 'Tuesday', 'data': [0, 0, 0, 0, 0, 0, 0, 0, 0, 0, 0, 0, 6, 6, 7, 7, 9, 17, 36, 64, 88, 88, 65, 0]}, {'name': 'Wednesday', 'data': [0, 0, 0, 0, 0, 0, 0, 0, 0, 0, 0, 0, 9, 11, 13, 15, 19, 28, 43, 62, 74, 71, 53, 0]}, {'name': 'Thursday', 'data': [0, 0, 0, 0, 0, 0, 0, 0, 0, 0, 0, 0, 8, 8, 9, 12, 18, 34, 57, 79, 87, 82, 76, 74]}, {'name': 'Friday', 'data': [66, 45, 0, 0, 0, 0, 0, 0, 0, 0, 0, 0, 5, 5, 6, 8, 14, 24, 40, 57, 69, 76, 85, 95]}, {'name': 'Saturday', 'data': [92, 67, 0, 0, 0, 0, 0, 0, 0, 0, 0, 0, 0, 0, 0, 0, 7, 13, 25, 43, 65, 86, 100, 99]}, {'name': 'Sunday', 'data': [81, 54, 0, 0, 0, 0, 0, 0, 0, 0, 0, 0, 0, 0, 0, 0, 6, 13, 24, 38, 49, 50, 40, 0]}]",4.5,704,6,"[60, 180]",0
ChIJHdtoE7PdQUcR01w1mr3vwx4,G'Roby MÓRICZ Szupermarket,47.4780486,19.0462448,supermarket,"Budapest, Villányi út 1","G'Roby MÓRICZ Szupermarket Budapest, Villányi út 1 budapest","[{'name': 'Monday', 'data': [0, 0, 0, 0, 0, 0, 24, 40, 50, 50, 44, 36, 32, 33, 38, 50, 64, 77, 77, 62, 38, 0, 0, 0]}, {'name': 'Tuesday', 'data': [0, 0, 0, 0, 0, 0, 36, 54, 58, 48, 38, 36, 39, 42, 48, 60, 74, 80, 72, 54, 33, 0, 0, 0]}, {'name': 'Wednesday', 'data': [0, 0, 0, 0, 0, 0, 34, 54, 58, 46, 34, 32, 36, 40, 45, 55, 66, 70, 64, 50, 31, 0, 0, 0]}, {'name': 'Thursday', 'data': [0, 0, 0, 0, 0, 0, 20, 54, 57, 36, 31, 38, 46, 51, 52, 53, 61, 85, 100, 75, 34, 0, 0, 0]}, {'name': 'Friday', 'data': [0, 0, 0, 0, 0, 0, 12, 26, 36, 37, 34, 34, 38, 43, 46, 46, 44, 43, 40, 32, 21, 0, 0, 0]}, {'name': 'Saturday', 'data': [0, 0, 0, 0, 0, 0, 0, 12, 22, 31, 38, 40, 39, 34, 30, 30, 31, 30, 24, 0, 0, 0, 0, 0]}, {'name': 'Sunday', 'data': [0, 0, 0, 0, 0, 0, 0, 0, 12, 10, 15, 26, 24, 10, 0, 0, 0, 0, 0, 0, 0, 0, 0, 0]}]",4.4,427,44,"[15, 15]",1
ChIJKzGor7rdQUcRC59bcWpyvEc,Punto Gelato,47.4693323,19.044961800000003,bakery,"1117 Budapest, Fehérvári út 50-52.","Punto Gelato 1117 Budapest, Fehérvári út 50-52. budapest","[{'name': 'Monday', 'data': [0, 0, 0, 0, 0, 0, 0, 0, 0, 0, 28, 53, 55, 37, 28, 37, 53, 65, 66, 56, 39, 23, 0, 0]}, {'name': 'Tuesday', 'data': [0, 0, 0, 0, 0, 0, 0, 0, 0, 0, 23, 35, 45, 50, 52, 58, 71, 82, 86, 83, 64, 31, 0, 0]}, {'name': 'Wednesday', 'data': [0, 0, 0, 0, 0, 0, 0, 0, 0, 0, 19, 36, 46, 45, 42, 48, 62, 74, 75, 65, 47, 28, 0, 0]}, {'name': 'Thursday', 'data': [0, 0, 0, 0, 0, 0, 0, 0, 0, 0, 34, 49, 59, 63, 58, 52, 51, 58, 70, 75, 67, 48, 0, 0]}, {'name': 'Friday', 'data': [0, 0, 0, 0, 0, 0, 0, 0, 0, 0, 24, 38, 47, 49, 48, 50, 60, 79, 94, 91, 67, 36, 0, 0]}, {'name': 'Saturday', 'data': [0, 0, 0, 0, 0, 0, 0, 0, 0, 0, 36, 56, 70, 77, 80, 83, 85, 82, 74, 62, 47, 29, 0, 0]}, {'name': 'Sunday', 'data': [0, 0, 0, 0, 0, 0, 0, 0, 0, 0, 29, 55, 77, 84, 84, 92, 100, 93, 86, 78, 53, 23, 0, 0]}]",4.1,474,99,"[10, 45]",0
ChIJLyVOabLdQUcRXMebEGT3O5Y,Cafe Frei Allee,47.476114200000005,19.049185,cafe,"Budapest, Váli utca 3","Cafe Frei Allee Budapest, Váli utca 3 budapest","[{'name': 'Monday', 'data': [0, 0, 0, 0, 0, 0, 0, 0, 0, 17, 33, 50, 61, 59, 49, 42, 54, 75, 72, 42, 14, 0, 0, 0]}, {'name': 'Tuesday', 'data': [0, 0, 0, 0, 0, 0, 0, 0, 0, 16, 39, 49, 44, 48, 60, 69, 79, 84, 72, 43, 18, 0, 0, 0]}, {'name': 'Wednesday', 'data': [0, 0, 0, 0, 0, 0, 0, 0, 0, 23, 43, 56, 64, 69, 71, 74, 87, 100, 91, 60, 29, 0, 0, 0]}, {'name': 'Thursday', 'data': [0, 0, 0, 0, 0, 0, 0, 0, 0, 15, 32, 51, 65, 68, 64, 67, 79, 88, 76, 48, 21, 0, 0, 0]}, {'name': 'Friday', 'data': [0, 0, 0, 0, 0, 0, 0, 0, 0, 18, 33, 42, 50, 63, 69, 64, 64, 69, 64, 43, 21, 0, 0, 0]}, {'name': 'Saturday', 'data': [0, 0, 0, 0, 0, 0, 0, 0, 0, 21, 40, 46, 58, 83, 84, 71, 76, 84, 70, 41, 17, 0, 0, 0]}, {'name': 'Sunday', 'data': [0, 0, 0, 0, 0, 0, 0, 0, 0, 0, 25, 45, 49, 74, 92, 85, 87, 84, 39, 0, 0, 0, 0, 0]}]",4.6,1392,45,"[25, 60]",1
ChIJO5b7ZLLdQUcR8Gs-Ll3fyuE,Libri Allee Könyvesbolt,47.476114200000005,19.049185,book_store,Budapest Váli utca 3 Allee Bevásárlóközpont (földszint és I. emelet,Libri Allee Könyvesbolt Budapest Váli utca 3 Allee Bevásárlóközpont (földszint és I. emelet budapest,"[{'name': 'Monday', 'data': [0, 0, 0, 0, 0, 0, 0, 0, 0, 7, 16, 28, 38, 40, 35, 34, 48, 69, 71, 47, 18, 0, 0, 0]}, {'name': 'Tuesday', 'data': [0, 0, 0, 0, 0, 0, 0, 0, 0, 10, 21, 36, 51, 59, 58, 57, 72, 100, 96, 53, 15, 0, 0, 0]}, {'name': 'Wednesday', 'data': [0, 0, 0, 0, 0, 0, 0, 0, 0, 8, 24, 44, 59, 58, 47, 46, 69, 98, 98, 63, 25, 0, 0, 0]}, {'name': 'Thursday', 'data': [0, 0, 0, 0, 0, 0, 0, 0, 0, 13, 26, 40, 46, 45, 43, 53, 74, 90, 84, 57, 28, 0, 0, 0]}, {'name': 'Friday', 'data': [0, 0, 0, 0, 0, 0, 0, 0, 0, 9, 24, 38, 41, 42, 56, 67, 66, 75, 85, 59, 21, 0, 0, 0]}, {'name': 'Saturday', 'data': [0, 0, 0, 0, 0, 0, 0, 0, 0, 10, 31, 59, 82, 85, 77, 78, 90, 94, 74, 41, 15, 0, 0, 0]}, {'name': 'Sunday', 'data': [0, 0, 0, 0, 0, 0, 0, 0, 0, 0, 34, 69, 70, 63, 78, 80, 64, 84, 35, 0, 0, 0, 0, 0]}]",4.7,811,78,"[30, 30]",0
ChIJO5b7ZLLdQUcRMuHlFps6OLw,Allee Gyógyszertár,47.476114200000005,19.049185,pharmacy,"Budapest, Váli utca 3","Allee Gyógyszertár Budapest, Váli utca 3 budapest","[{'name': 'Monday', 'data': [0, 0, 0, 0, 0, 0, 0, 0, 14, 36, 55, 60, 59, 61, 58, 54, 63, 81, 84, 63, 33, 0, 0, 0]}, {'name': 'Tuesday', 'data': [0, 0, 0, 0, 0, 0, 0, 0, 12, 33, 53, 58, 51, 49, 56, 65, 82, 100, 92, 56, 21, 0, 0, 0]}, {'name': 'Wednesday', 'data': [0, 0, 0, 0, 0, 0, 0, 0, 15, 35, 53, 60, 58, 57, 58, 58, 66, 81, 86, 65, 33, 0, 0, 0]}, {'name': 'Thursday', 'data': [0, 0, 0, 0, 0, 0, 0, 0, 11, 23, 41, 58, 69, 69, 62, 61, 76, 93, 86, 54, 22, 0, 0, 0]}, {'name': 'Friday', 'data': [0, 0, 0, 0, 0, 0, 0, 0, 14, 30, 46, 55, 57, 56, 56, 58, 65, 70, 64, 45, 23, 0, 0, 0]}, {'name': 'Saturday', 'data': [0, 0, 0, 0, 0, 0, 0, 0, 14, 31, 52, 66, 71, 70, 64, 57, 56, 59, 52, 34, 15, 0, 0, 0]}, {'name': 'Sunday', 'data': [0, 0, 0, 0, 0, 0, 0, 0, 0, 0, 20, 40, 46, 36, 31, 38, 41, 31, 0, 0, 0, 0, 0, 0]}]",3.1,174,38,"[15, 15]",1
ChIJOV8xR03cQUcRJujzB7AjwGA,Masjid Dar Al-Salam مسجد,47.47974310000001,19.0507795,mosque,"Budapest, Bartók Béla út 29","Masjid Dar Al-Salam مسجد Budapest, Bartók Béla út 29 budapest","[{'name': 'Monday', 'data': [0, 0, 0, 0, 0, 0, 0, 0, 0, 0, 0, 0, 0, 0, 0, 0, 0, 4, 15, 0, 0, 0, 0, 0]}, {'name': 'Tuesday', 'data': [0, 0, 0, 0, 0, 0, 0, 0, 0, 0, 0, 0, 0, 3, 5, 4, 3, 7, 14, 0, 0, 0, 0, 0]}, {'name': 'Wednesday', 'data': [0, 0, 0, 0, 0, 0, 0, 0, 0, 0, 0, 0, 0, 8, 0, 1, 1, 4, 13, 0, 0, 0, 0, 0]}, {'name': 'Thursday', 'data': [0, 0, 0, 0, 0, 0, 0, 0, 0, 0, 0, 0, 0, 3, 1, 1, 1, 4, 12, 0, 0, 0, 0, 0]}, {'name': 'Friday', 'data': [0, 0, 0, 0, 0, 0, 0, 0, 0, 0, 0, 4, 53, 100, 24, 5, 5, 0, 0, 0, 0, 0, 0, 0]}, {'name': 'Saturday', 'data': [0, 0, 0, 0, 0, 0, 0, 0, 0, 0, 0, 0, 0, 0, 0, 2, 3, 7, 19, 31, 0, 0, 0, 0]}, {'name': 'Sunday', 'data': [0, 0, 0, 0, 0, 0, 0, 0, 0, 0, 0, 0, 0, 0, 0, 0, 0, 0, 0, 0, 0, 0, 0, 0]}]",4.7,119,89,,0
ChIJP-eE-sXdQUcRufIDbLFaSwQ,IMO Autómosó,47.473035,19.0272165,car_wash,"Budapest, Hamzsabégi út 61","IMO Autómosó Budapest, Hamzsabégi út 61 budapest","[{'name': 'Monday', 'data': [0, 0, 0, 0, 0, 0, 0, 41, 57, 61, 60, 65, 77, 85, 79, 68, 62, 57, 46, 27, 0, 0, 0, 0]}, {'name': 'Tuesday', 'data': [0, 0, 0, 0, 0, 0, 0, 34, 57, 75, 81, 75, 70, 73, 83, 90, 87, 72, 50, 28, 0, 0, 0, 0]}, {'name': 'Wednesday', 'data': [0, 0, 0, 0, 0, 0, 0, 37, 54, 67, 72, 70, 64, 62, 65, 71, 74, 70, 59, 42, 0, 0, 0, 0]}, {'name': 'Thursday', 'data': [0, 0, 0, 0, 0, 0, 0, 39, 62, 80, 88, 85, 79, 77, 83, 91, 90, 75, 53, 32, 0, 0, 0, 0]}, {'name': 'Friday', 'data': [0, 0, 0, 0, 0, 0, 0, 52, 82, 100, 98, 83, 74, 75, 82, 83, 76, 65, 51, 35, 0, 0, 0, 0]}, {'name': 'Saturday', 'data': [0, 0, 0, 0, 0, 0, 0, 27, 50, 73, 90, 100, 99, 91, 83, 77, 71, 61, 48, 32, 0, 0, 0, 0]}, {'name': 'Sunday', 'data': [0, 0, 0, 0, 0, 0, 0, 0, 31, 55, 79, 89, 83, 66, 57, 66, 75, 61, 32, 0, 0, 0, 0, 0]}]",4.3,607,25,"[10, 10]",1
ChIJP2XTU03cQUcRbAxl8Ls0Vx4,MagNet Bank,47.4789876,19.0516064,bank,"Budapest, Bartók Béla út 34","MagNet Bank Budapest, Bartók Béla út 34 budapest","[{'name': 'Monday', 'data': [0, 0, 0, 0, 0, 0, 0, 0, 45, 61, 54, 43, 47, 62, 69, 56, 0, 0, 0, 0, 0, 0, 0, 0]}, {'name': 'Tuesday', 'data': [0, 0, 0, 0, 0, 0, 0, 0, 22, 55, 90, 100, 79, 56, 50, 45, 0, 0, 0, 0, 0, 0, 0, 0]}, {'name': 'Wednesday', 'data': [0, 0, 0, 0, 0, 0, 0, 0, 19, 33, 48, 61, 66, 62, 50, 36, 0, 0, 0, 0, 0, 0, 0, 0]}, {'name': 'Thursday', 'data': [0, 0, 0, 0, 0, 0, 0, 0, 22, 43, 52, 41, 33, 44, 59, 54, 0, 0, 0, 0, 0, 0, 0, 0]}, {'name': 'Friday', 'data': [0, 0, 0, 0, 0, 0, 0, 0, 30, 52, 62, 56, 47, 47, 48, 0, 0, 0, 0, 0, 0, 0, 0, 0]}, {'name': 'Saturday', 'data': [0, 0, 0, 0, 0, 0, 0, 0, 0, 0, 0, 0, 0, 0, 0, 0, 0, 0, 0, 0, 0, 0, 0, 0]}, {'name': 'Sunday', 'data': [0, 0, 0, 0, 0, 0, 0, 0, 0, 0, 0, 0, 0, 0, 0, 0, 0, 0, 0, 0, 0, 0, 0, 0]}]",3.2,26,46,"[20, 20]",0
ChIJPb0KKfHdQUcRtY2sIkpRkoQ,Megszegett Ígéret Pékműhely,47.4699683,19.0451902,bakery,"Budapest, Fehérvári út 46","Megszegett Ígéret Pékműhely Budapest, Fehérvári út 46 budapest","[{'name': 'Monday', 'data': [0, 0, 0, 0, 0, 0, 0, 0, 0, 0, 0, 0, 0, 0, 0, 0, 0, 0, 0, 0, 0, 0, 0, 0]}, {'name': 'Tuesday', 'data': [0, 0, 0, 0, 0, 0, 0, 0, 43, 56, 63, 64, 60, 52, 42, 33, 25, 0, 0, 0, 0, 0, 0, 0]}, {'name': 'Wednesday', 'data': [0, 0, 0, 0, 0, 0, 0, 0, 52, 62, 60, 50, 44, 40, 35, 28, 19, 0, 0, 0, 0, 0, 0, 0]}, {'name': 'Thursday', 'data': [0, 0, 0, 0, 0, 0, 0, 0, 54, 53, 47, 43, 43, 45, 43, 37, 27, 0, 0, 0, 0, 0, 0, 0]}, {'name': 'Friday', 'data': [0, 0, 0, 0, 0, 0, 0, 0, 66, 72, 50, 37, 39, 44, 41, 31, 19, 0, 0, 0, 0, 0, 0, 0]}, {'name': 'Saturday', 'data': [0, 0, 0, 0, 0, 0, 0, 0, 72, 100, 81, 46, 26, 16, 0, 0, 0, 0, 0, 0, 0, 0, 0, 0]}, {'name': 'Sunday', 'data': [0, 0, 0, 0, 0, 0, 0, 0, 0, 0, 0, 0, 0, 0, 0, 0, 0, 0, 0, 0, 0, 0, 0, 0]}]",4.8,151,61,"[15, 15]",1
ChIJPesL_-rBQUcR13vE7eSxZk8,Lidl Supermarket,47.4785193,19.0485618,supermarket,"Budapest, Bartók Béla út 47","Lidl Supermarket Budapest, Bartók Béla út 47 budapest","[{'name': 'Monday', 'data': [0, 0, 0, 0, 0, 0, 9, 17, 27, 38, 46, 50, 49, 46, 47, 58, 80, 99, 100, 78, 46, 20, 0, 0]}, {'name': 'Tuesday', 'data': [0, 0, 0, 0, 0, 0, 7, 15, 25, 35, 43, 46, 44, 41, 41, 51, 70, 86, 86, 68, 42, 19, 0, 0]}, {'name': 'Wednesday', 'data': [0, 0, 0, 0, 0, 0, 11, 17, 25, 32, 38, 41, 41, 40, 42, 50, 65, 80, 83, 69, 44, 21, 0, 0]}, {'name': 'Thursday', 'data': [0, 0, 0, 0, 0, 0, 10, 25, 39, 45, 46, 48, 49, 45, 42, 49, 66, 83, 85, 68, 43, 20, 0, 0]}, {'name': 'Friday', 'data': [0, 0, 0, 0, 0, 0, 10, 17, 25, 33, 38, 40, 39, 38, 40, 46, 51, 53, 53, 51, 40, 21, 0, 0]}, {'name': 'Saturday', 'data': [0, 0, 0, 0, 0, 0, 7, 14, 23, 32, 41, 46, 46, 43, 39, 38, 42, 48, 50, 43, 30, 16, 0, 0]}, {'name': 'Sunday', 'data': [0, 0, 0, 0, 0, 0, 0, 9, 16, 25, 35, 45, 50, 51, 48, 44, 52, 62, 44, 0, 0, 0, 0, 0]}]",4.2,3737,62,"[20, 20]",1
ChIJQc3mOa3dQUcRQ_wtrFs4YRo,Lágymányos Pharmacy,47.477592,19.053474,pharmacy,"Budapest, Budafoki út 47","Lágymányos Pharmacy Budapest, Budafoki út 47 budapest","[{'name': 'Monday', 'data': [0, 0, 0, 0, 0, 0, 0, 0, 29, 54, 79, 92, 88, 73, 65, 70, 74, 60, 34, 0, 0, 0, 0, 0]}, {'name': 'Tuesday', 'data': [0, 0, 0, 0, 0, 0, 0, 0, 33, 56, 80, 95, 94, 80, 69, 66, 62, 46, 24, 0, 0, 0, 0, 0]}, {'name': 'Wednesday', 'data': [0, 0, 0, 0, 0, 0, 0, 0, 29, 52, 77, 89, 86, 72, 64, 73, 79, 61, 32, 0, 0, 0, 0, 0]}, {'name': 'Thursday', 'data': [0, 0, 0, 0, 0, 0, 0, 0, 44, 65, 84, 97, 100, 92, 77, 61, 46, 33, 22, 0, 0, 0, 0, 0]}, {'name': 'Friday', 'data': [0, 0, 0, 0, 0, 0, 0, 0, 31, 47, 62, 70, 72, 68, 62, 56, 47, 36, 22, 0, 0, 0, 0, 0]}, {'name': 'Saturday', 'data': [0, 0, 0, 0, 0, 0, 0, 0, 16, 30, 38, 31, 0, 0, 0, 0, 0, 0, 0, 0, 0, 0, 0, 0]}, {'name': 'Sunday', 'data': [0, 0, 0, 0, 0, 0, 0, 0, 0, 0, 0, 0, 0, 0, 0, 0, 0, 0, 0, 0, 0, 0, 0, 0]}]",4.6,56,83,"[10, 10]",1
ChIJR3OlC7PdQUcRqw6glPM-kHs,City SPAR,47.4776935,19.0463436,supermarket,"Budapest, Bartók Béla út 51","City SPAR Budapest, Bartók Béla út 51 budapest","[{'name': 'Monday', 'data': [0, 0, 0, 0, 0, 0, 24, 44, 53, 50, 45, 47, 49, 47, 48, 60, 81, 98, 98, 78, 49, 0, 0, 0]}, {'name': 'Tuesday', 'data': [0, 0, 0, 0, 0, 0, 37, 65, 69, 49, 35, 43, 56, 58, 55, 60, 79, 95, 91, 66, 36, 0, 0, 0]}, {'name': 'Wednesday', 'data': [0, 0, 0, 0, 0, 0, 30, 59, 71, 57, 41, 41, 47, 50, 53, 67, 88, 100, 89, 61, 31, 0, 0, 0]}, {'name': 'Thursday', 'data': [0, 0, 0, 0, 0, 0, 23, 49, 55, 40, 32, 41, 55, 62, 60, 61, 75, 94, 99, 81, 48, 0, 0, 0]}, {'name': 'Friday', 'data': [0, 0, 0, 0, 0, 0, 15, 31, 43, 44, 39, 37, 40, 44, 46, 48, 52, 56, 57, 49, 35, 0, 0, 0]}, {'name': 'Saturday', 'data': [0, 0, 0, 0, 0, 0, 0, 10, 18, 27, 32, 34, 35, 38, 44, 48, 42, 27, 0, 0, 0, 0, 0, 0]}, {'name': 'Sunday', 'data': [0, 0, 0, 0, 0, 0, 0, 0, 11, 20, 20, 24, 36, 25, 0, 0, 0, 0, 0, 0, 0, 0, 0, 0]}]",3.8,857,45,"[15, 15]",1
ChIJR4Dk5r7dQUcRoHWbW0YEW-Y,Bistro Soleil,47.465471,19.0322605,restaurant,"Budapest, Vahot utca 8","Bistro Soleil Budapest, Vahot utca 8 budapest","[{'name': 'Monday', 'data': [0, 0, 0, 0, 0, 0, 0, 0, 0, 15, 22, 30, 35, 36, 34, 35, 47, 60, 60, 59, 52, 0, 0, 0]}, {'name': 'Tuesday', 'data': [0, 0, 0, 0, 0, 0, 0, 0, 0, 20, 32, 43, 49, 48, 40, 30, 29, 51, 71, 63, 49, 0, 0, 0]}, {'name': 'Wednesday', 'data': [0, 0, 0, 0, 0, 0, 0, 0, 0, 14, 20, 25, 28, 29, 27, 27, 35, 50, 65, 65, 49, 0, 0, 0]}, {'name': 'Thursday', 'data': [0, 0, 0, 0, 0, 0, 0, 0, 0, 15, 23, 31, 37, 38, 36, 37, 46, 61, 74, 72, 55, 0, 0, 0]}, {'name': 'Friday', 'data': [0, 0, 0, 0, 0, 0, 0, 0, 0, 23, 35, 43, 44, 39, 35, 42, 58, 68, 66, 62, 56, 40, 0, 0]}, {'name': 'Saturday', 'data': [0, 0, 0, 0, 0, 0, 0, 0, 0, 33, 50, 63, 68, 69, 73, 82, 90, 88, 76, 61, 43, 25, 0, 0]}, {'name': 'Sunday', 'data': [0, 0, 0, 0, 0, 0, 0, 0, 0, 28, 48, 69, 87, 98, 100, 98, 99, 98, 84, 56, 0, 0, 0, 0]}]",4.4,582,0,"[25, 90]",1
ChIJU0C_C7LdQUcRISUChdzpnso,JYSK,47.4750521,19.0492376,furniture_store,"Budapest, Október huszonharmadika utca 8-10","JYSK Budapest, Október huszonharmadika utca 8-10 budapest","[{'name': 'Monday', 'data': [0, 0, 0, 0, 0, 0, 0, 0, 0, 0, 17, 32, 38, 31, 26, 35, 47, 50, 55, 54, 25, 0, 0, 0]}, {'name': 'Tuesday', 'data': [0, 0, 0, 0, 0, 0, 0, 0, 0, 0, 43, 40, 31, 55, 52, 32, 36, 56, 62, 45, 21, 0, 0, 0]}, {'name': 'Wednesday', 'data': [0, 0, 0, 0, 0, 0, 0, 0, 0, 0, 25, 50, 66, 58, 45, 47, 61, 71, 69, 51, 25, 0, 0, 0]}, {'name': 'Thursday', 'data': [0, 0, 0, 0, 0, 0, 0, 0, 0, 0, 21, 41, 59, 63, 49, 33, 35, 50, 57, 44, 22, 0, 0, 0]}, {'name': 'Friday', 'data': [0, 0, 0, 0, 0, 0, 0, 0, 0, 0, 22, 46, 56, 51, 50, 48, 38, 31, 44, 46, 19, 0, 0, 0]}, {'name': 'Saturday', 'data': [0, 0, 0, 0, 0, 0, 0, 0, 0, 0, 16, 37, 64, 79, 74, 63, 62, 61, 52, 36, 21, 0, 0, 0]}, {'name': 'Sunday', 'data': [0, 0, 0, 0, 0, 0, 0, 0, 0, 0, 25, 47, 70, 82, 76, 58, 67, 100, 26, 0, 0, 0, 0, 0]}]",4.1,220,48,"[15, 45]",1
ChIJU1tsybbdQUcRS3xmt1hg8vg,László Gyógyszertár,47.473975,19.0408459,pharmacy,"Budapest, Ulászló utca 32","László Gyógyszertár Budapest, Ulászló utca 32 budapest","[{'name': 'Monday', 'data': [0, 0, 0, 0, 0, 0, 0, 0, 28, 45, 64, 78, 85, 81, 71, 67, 77, 94, 90, 60, 0, 0, 0, 0]}, {'name': 'Tuesday', 'data': [0, 0, 0, 0, 0, 0, 0, 0, 38, 57, 71, 75, 70, 58, 52, 61, 82, 94, 81, 50, 0, 0, 0, 0]}, {'name': 'Wednesday', 'data': [0, 0, 0, 0, 0, 0, 0, 0, 31, 42, 55, 64, 67, 64, 57, 54, 68, 92, 95, 62, 0, 0, 0, 0]}, {'name': 'Thursday', 'data': [0, 0, 0, 0, 0, 0, 0, 0, 45, 70, 85, 84, 72, 64, 65, 72, 78, 72, 57, 37, 0, 0, 0, 0]}, {'name': 'Friday', 'data': [0, 0, 0, 0, 0, 0, 0, 0, 32, 50, 61, 61, 51, 41, 45, 67, 92, 100, 78, 42, 0, 0, 0, 0]}, {'name': 'Saturday', 'data': [0, 0, 0, 0, 0, 0, 0, 0, 0, 0, 0, 0, 0, 0, 0, 0, 0, 0, 0, 0, 0, 0, 0, 0]}, {'name': 'Sunday', 'data': [0, 0, 0, 0, 0, 0, 0, 0, 0, 0, 0, 0, 0, 0, 0, 0, 0, 0, 0, 0, 0, 0, 0, 0]}]",4.6,11,100,"[15, 15]",0
ChIJUbjsIqzdQUcR6lGdLdZI21E,Budapest Post 117,47.473715000000006,19.054073,post_office,"Budapest, Irinyi József utca 38","Budapest Post 117 Budapest, Irinyi József utca 38 budapest","[{'name': 'Monday', 'data': [0, 0, 0, 0, 0, 0, 0, 0, 37, 61, 80, 85, 77, 67, 77, 100, 100, 66, 0, 0, 0, 0, 0, 0]}, {'name': 'Tuesday', 'data': [0, 0, 0, 0, 0, 0, 0, 0, 42, 60, 73, 80, 78, 67, 52, 49, 99, 75, 0, 0, 0, 0, 0, 0]}, {'name': 'Wednesday', 'data': [0, 0, 0, 0, 0, 0, 0, 0, 35, 55, 71, 74, 67, 60, 63, 72, 73, 58, 0, 0, 0, 0, 0, 0]}, {'name': 'Thursday', 'data': [0, 0, 0, 0, 0, 0, 0, 0, 31, 50, 68, 78, 75, 68, 66, 72, 69, 47, 0, 0, 0, 0, 0, 0]}, {'name': 'Friday', 'data': [0, 0, 0, 0, 0, 0, 0, 0, 40, 60, 70, 65, 51, 54, 80, 98, 76, 36, 0, 0, 0, 0, 0, 0]}, {'name': 'Saturday', 'data': [0, 0, 0, 0, 0, 0, 0, 0, 0, 0, 0, 0, 0, 0, 0, 0, 0, 0, 0, 0, 0, 0, 0, 0]}, {'name': 'Sunday', 'data': [0, 0, 0, 0, 0, 0, 0, 0, 0, 0, 0, 0, 0, 0, 0, 0, 0, 0, 0, 0, 0, 0, 0, 0]}]",2.7,68,31,"[15, 15]",0
ChIJVVVVCrLdQUcRYDz_USoZbg0,dm-drogerie markt Kft.,47.4750225,19.0489757,drugstore,"Budapest, Október huszonharmadika utca 8-10","dm-drogerie markt Kft. Budapest, Október huszonharmadika utca 8-10 budapest","[{'name': 'Monday', 'data': [0, 0, 0, 0, 0, 0, 0, 0, 8, 18, 33, 47, 57, 59, 57, 62, 78, 94, 91, 64, 32, 0, 0, 0]}, {'name': 'Tuesday', 'data': [0, 0, 0, 0, 0, 0, 0, 0, 5, 19, 41, 55, 56, 57, 62, 65, 78, 100, 96, 58, 21, 0, 0, 0]}, {'name': 'Wednesday', 'data': [0, 0, 0, 0, 0, 0, 0, 0, 6, 16, 32, 49, 59, 57, 52, 59, 80, 99, 93, 64, 32, 0, 0, 0]}, {'name': 'Thursday', 'data': [0, 0, 0, 0, 0, 0, 0, 0, 4, 22, 47, 53, 53, 63, 61, 53, 65, 91, 95, 69, 33, 0, 0, 0]}, {'name': 'Friday', 'data': [0, 0, 0, 0, 0, 0, 0, 0, 8, 18, 32, 47, 58, 62, 63, 66, 72, 74, 65, 47, 27, 0, 0, 0]}, {'name': 'Saturday', 'data': [0, 0, 0, 0, 0, 0, 0, 0, 0, 9, 39, 78, 85, 77, 80, 80, 76, 78, 74, 52, 25, 0, 0, 0]}, {'name': 'Sunday', 'data': [0, 0, 0, 0, 0, 0, 0, 0, 0, 12, 43, 71, 69, 64, 75, 78, 78, 74, 45, 0, 0, 0, 0, 0]}]",4.4,242,24,"[20, 20]",0
ChIJVVVVVQrdQUcRrQmkPxegUSw,INTERSPAR,47.4751836,19.0491505,supermarket,"Budapest, Október 23. u","INTERSPAR Budapest, Október 23. u budapest","[{'name': 'Monday', 'data': [0, 0, 0, 0, 0, 0, 0, 14, 23, 34, 45, 54, 61, 62, 60, 60, 69, 88, 95, 74, 39, 0, 0, 0]}, {'name': 'Tuesday', 'data': [0, 0, 0, 0, 0, 0, 0, 16, 25, 36, 48, 58, 64, 65, 63, 65, 81, 96, 92, 77, 44, 0, 0, 0]}, {'name': 'Wednesday', 'data': [0, 0, 0, 0, 0, 0, 0, 14, 24, 36, 49, 59, 65, 65, 62, 64, 78, 96, 100, 78, 44, 0, 0, 0]}, {'name': 'Thursday', 'data': [0, 0, 0, 0, 0, 0, 0, 16, 28, 41, 53, 61, 65, 63, 60, 64, 78, 94, 96, 75, 43, 0, 0, 0]}, {'name': 'Friday', 'data': [0, 0, 0, 0, 0, 0, 0, 15, 27, 40, 50, 55, 58, 60, 65, 70, 71, 69, 73, 69, 42, 0, 0, 0]}, {'name': 'Saturday', 'data': [0, 0, 0, 0, 0, 0, 0, 12, 25, 43, 61, 75, 80, 78, 73, 69, 68, 70, 73, 62, 33, 0, 0, 0]}, {'name': 'Sunday', 'data': [0, 0, 0, 0, 0, 0, 0, 0, 11, 24, 41, 57, 66, 65, 62, 64, 72, 73, 58, 33, 0, 0, 0, 0]}]",4.1,4195,56,"[25, 25]",0
ChIJWfezQE3cQUcRqgynIjQ5e6E,Kelet Kávézó és Galéria,47.4797864,19.0509612,cafe,"Budapest, Bartók Béla út 29","Kelet Kávézó és Galéria Budapest, Bartók Béla út 29 budapest","[{'name': 'Monday', 'data': [0, 0, 0, 0, 0, 0, 0, 13, 23, 35, 47, 56, 60, 59, 56, 58, 66, 76, 80, 81, 74, 54, 27, 0]}, {'name': 'Tuesday', 'data': [0, 0, 0, 0, 0, 0, 0, 18, 30, 43, 53, 57, 55, 51, 50, 55, 64, 74, 80, 86, 92, 74, 37, 0]}, {'name': 'Wednesday', 'data': [0, 0, 0, 0, 0, 0, 0, 15, 30, 49, 65, 73, 71, 64, 59, 61, 71, 82, 89, 86, 75, 57, 38, 0]}, {'name': 'Thursday', 'data': [0, 0, 0, 0, 0, 0, 0, 26, 39, 53, 65, 71, 72, 70, 68, 68, 74, 83, 94, 100, 91, 66, 36, 0]}, {'name': 'Friday', 'data': [0, 0, 0, 0, 0, 0, 0, 20, 32, 46, 58, 67, 72, 73, 73, 72, 73, 76, 83, 87, 81, 62, 38, 0]}, {'name': 'Saturday', 'data': [0, 0, 0, 0, 0, 0, 0, 0, 0, 37, 56, 71, 77, 75, 70, 67, 68, 71, 70, 64, 52, 37, 23, 0]}, {'name': 'Sunday', 'data': [0, 0, 0, 0, 0, 0, 0, 0, 0, 24, 55, 70, 59, 52, 58, 67, 74, 74, 68, 58, 45, 32, 20, 0]}]",4.7,2751,55,,1
ChIJY2RzeLLdQUcRq5_QPKOwYHo,Notino Budapest – Bercsényi utca,47.47586079999999,19.0500921,clothing_store,"Budapest, Bercsényi utca 21","Notino Budapest – Bercsényi utca Budapest, Bercsényi utca 21 budapest","[{'name': 'Monday', 'data': [0, 0, 0, 0, 0, 0, 0, 0, 0, 20, 32, 42, 47, 48, 46, 47, 53, 57, 54, 42, 27, 0, 0, 0]}, {'name': 'Tuesday', 'data': [0, 0, 0, 0, 0, 0, 0, 0, 0, 26, 44, 59, 66, 61, 54, 59, 79, 100, 99, 74, 41, 0, 0, 0]}, {'name': 'Wednesday', 'data': [0, 0, 0, 0, 0, 0, 0, 0, 0, 26, 43, 56, 60, 55, 50, 55, 69, 80, 78, 61, 38, 0, 0, 0]}, {'name': 'Thursday', 'data': [0, 0, 0, 0, 0, 0, 0, 0, 0, 26, 38, 49, 55, 56, 58, 66, 79, 88, 81, 58, 32, 0, 0, 0]}, {'name': 'Friday', 'data': [0, 0, 0, 0, 0, 0, 0, 0, 0, 22, 35, 50, 63, 70, 72, 71, 68, 63, 55, 43, 30, 0, 0, 0]}, {'name': 'Saturday', 'data': [0, 0, 0, 0, 0, 0, 0, 0, 0, 0, 29, 44, 56, 61, 65, 72, 76, 69, 52, 0, 0, 0, 0, 0]}, {'name': 'Sunday', 'data': [0, 0, 0, 0, 0, 0, 0, 0, 0, 0, 15, 26, 36, 43, 49, 56, 57, 50, 37, 0, 0, 0, 0, 0]}]",4.5,958,44,"[15, 15]",0
ChIJYc4oAK7dQUcRum32YVt99zM,Intersport,47.47493970000001,19.0490712,clothing_store,"Budapest, Október huszonharmadika utca 8-10","Intersport Budapest, Október huszonharmadika utca 8-10 budapest","[{'name': 'Monday', 'data': [0, 0, 0, 0, 0, 0, 0, 0, 0, 0, 16, 28, 38, 42, 41, 45, 56, 66, 61, 42, 21, 0, 0, 0]}, {'name': 'Tuesday', 'data': [0, 0, 0, 0, 0, 0, 0, 0, 0, 0, 32, 49, 51, 45, 53, 62, 53, 53, 67, 52, 20, 0, 0, 0]}, {'name': 'Wednesday', 'data': [0, 0, 0, 0, 0, 0, 0, 0, 0, 0, 14, 26, 39, 48, 49, 47, 53, 67, 68, 45, 18, 0, 0, 0]}, {'name': 'Thursday', 'data': [0, 0, 0, 0, 0, 0, 0, 0, 0, 0, 25, 42, 51, 48, 40, 41, 52, 62, 58, 39, 19, 0, 0, 0]}, {'name': 'Friday', 'data': [0, 0, 0, 0, 0, 0, 0, 0, 0, 0, 26, 43, 43, 39, 49, 62, 70, 72, 65, 45, 22, 0, 0, 0]}, {'name': 'Saturday', 'data': [0, 0, 0, 0, 0, 0, 0, 0, 0, 0, 30, 65, 90, 92, 86, 88, 89, 78, 57, 34, 16, 0, 0, 0]}, {'name': 'Sunday', 'data': [0, 0, 0, 0, 0, 0, 0, 0, 0, 0, 23, 55, 61, 48, 72, 100, 86, 67, 38, 0, 0, 0, 0, 0]}]",4.2,576,55,"[25, 25]",0
ChIJYdrkvW3dQUcRAxAejb_kAj8,Nemzeti Adó- és Vámhivatal,47.4681091,19.0238647,local_government_office,"Budapest, Bartók Béla út 156","Nemzeti Adó- és Vámhivatal Budapest, Bartók Béla út 156 budapest","[{'name': 'Monday', 'data': [0, 0, 0, 0, 0, 0, 0, 0, 57, 89, 93, 79, 74, 79, 75, 56, 32, 0, 0, 0, 0, 0, 0, 0]}, {'name': 'Tuesday', 'data': [0, 0, 0, 0, 0, 0, 0, 0, 84, 100, 88, 68, 63, 73, 76, 61, 36, 0, 0, 0, 0, 0, 0, 0]}, {'name': 'Wednesday', 'data': [0, 0, 0, 0, 0, 0, 0, 0, 71, 86, 81, 73, 74, 79, 74, 56, 34, 0, 0, 0, 0, 0, 0, 0]}, {'name': 'Thursday', 'data': [0, 0, 0, 0, 0, 0, 0, 0, 67, 82, 76, 67, 73, 84, 79, 57, 31, 0, 0, 0, 0, 0, 0, 0]}, {'name': 'Friday', 'data': [0, 0, 0, 0, 0, 0, 0, 0, 47, 54, 59, 71, 75, 57, 0, 0, 0, 0, 0, 0, 0, 0, 0, 0]}, {'name': 'Saturday', 'data': [0, 0, 0, 0, 0, 0, 0, 0, 0, 0, 0, 0, 0, 0, 0, 0, 0, 0, 0, 0, 0, 0, 0, 0]}, {'name': 'Sunday', 'data': [0, 0, 0, 0, 0, 0, 0, 0, 0, 0, 0, 0, 0, 0, 0, 0, 0, 0, 0, 0, 0, 0, 0, 0]}]",3.5,4,38,"[15, 180]",1
ChIJZTGpDa3dQUcR1GFtzxxGDak,Pinyó Klub,47.4764749,19.0526437,bar,"Budapest, Karinthy Frigyes út 26","Pinyó Klub Budapest, Karinthy Frigyes út 26 budapest","[{'name': 'Monday', 'data': [0, 0, 0, 0, 0, 0, 0, 0, 0, 0, 0, 0, 5, 5, 5, 6, 8, 13, 21, 32, 40, 42, 36, 25]}, {'name': 'Tuesday', 'data': [0, 0, 0, 0, 0, 0, 0, 0, 0, 0, 0, 0, 7, 7, 7, 8, 10, 16, 27, 42, 56, 61, 53, 38]}, {'name': 'Wednesday', 'data': [23, 0, 0, 0, 0, 0, 0, 0, 0, 0, 0, 0, 7, 8, 9, 9, 11, 17, 36, 64, 78, 68, 60, 60]}, {'name': 'Thursday', 'data': [38, 0, 0, 0, 0, 0, 0, 0, 0, 0, 0, 0, 7, 7, 8, 9, 13, 23, 41, 61, 76, 87, 100, 90]}, {'name': 'Friday', 'data': [50, 0, 0, 0, 0, 0, 0, 0, 0, 0, 0, 0, 6, 6, 6, 7, 9, 15, 25, 39, 52, 69, 86, 84]}, {'name': 'Saturday', 'data': [54, 0, 0, 0, 0, 0, 0, 0, 0, 0, 0, 0, 4, 4, 4, 4, 5, 9, 18, 32, 44, 47, 56, 73]}, {'name': 'Sunday', 'data': [47, 0, 0, 0, 0, 0, 0, 0, 0, 0, 0, 0, 0, 0, 0, 0, 7, 9, 12, 15, 19, 26, 29, 23]}]",4.2,760,5,,0
ChIJZwYO6szdQUcRku-b7Fq85HY,Norbu Shop,47.481206,19.029368,clothing_store,"Budapest, Daróczi út 4","Norbu Shop Budapest, Daróczi út 4 budapest","[{'name': 'Monday', 'data': [0, 0, 0, 0, 0, 0, 0, 0, 0, 0, 44, 57, 64, 61, 53, 41, 30, 22, 16, 0, 0, 0, 0, 0]}, {'name': 'Tuesday', 'data': [0, 0, 0, 0, 0, 0, 0, 0, 0, 0, 68, 83, 84, 76, 61, 51, 44, 40, 34, 0, 0, 0, 0, 0]}, {'name': 'Wednesday', 'data': [0, 0, 0, 0, 0, 0, 0, 0, 0, 0, 47, 60, 64, 57, 46, 35, 29, 25, 20, 0, 0, 0, 0, 0]}, {'name': 'Thursday', 'data': [0, 0, 0, 0, 0, 0, 0, 0, 0, 0, 52, 61, 63, 52, 38, 29, 27, 27, 25, 0, 0, 0, 0, 0]}, {'name': 'Friday', 'data': [0, 0, 0, 0, 0, 0, 0, 0, 0, 0, 46, 50, 52, 54, 58, 64, 64, 52, 33, 0, 0, 0, 0, 0]}, {'name': 'Saturday', 'data': [0, 0, 0, 0, 0, 0, 0, 0, 0, 0, 52, 90, 100, 83, 70, 66, 63, 0, 0, 0, 0, 0, 0, 0]}, {'name': 'Sunday', 'data': [0, 0, 0, 0, 0, 0, 0, 0, 0, 0, 25, 41, 43, 42, 47, 52, 43, 0, 0, 0, 0, 0, 0, 0]}]",4.7,391,21,"[20, 45]",0
ChIJ_SGkBMjdQUcRCPbszkhJtQg,Tesco Expressz,47.472404,19.032417,supermarket,"Bartók Béla u. 105-113 Budapest, XI. kerület","Tesco Expressz Bartók Béla u. 105-113 Budapest, XI. kerület budapest","[{'name': 'Monday', 'data': [0, 0, 0, 0, 0, 0, 0, 21, 32, 42, 51, 55, 54, 50, 49, 59, 80, 100, 98, 73, 40, 0, 0, 0]}, {'name': 'Tuesday', 'data': [0, 0, 0, 0, 0, 0, 0, 25, 35, 45, 52, 56, 55, 52, 52, 62, 81, 96, 89, 60, 27, 0, 0, 0]}, {'name': 'Wednesday', 'data': [0, 0, 0, 0, 0, 0, 0, 30, 43, 54, 59, 57, 49, 43, 44, 57, 76, 92, 90, 71, 44, 0, 0, 0]}, {'name': 'Thursday', 'data': [0, 0, 0, 0, 0, 0, 0, 22, 34, 46, 56, 62, 63, 59, 57, 62, 74, 86, 84, 64, 37, 0, 0, 0]}, {'name': 'Friday', 'data': [0, 0, 0, 0, 0, 0, 0, 24, 37, 49, 57, 60, 59, 58, 58, 61, 64, 62, 55, 42, 28, 0, 0, 0]}, {'name': 'Saturday', 'data': [0, 0, 0, 0, 0, 0, 0, 19, 28, 36, 43, 47, 46, 44, 43, 44, 48, 49, 45, 34, 21, 0, 0, 0]}, {'name': 'Sunday', 'data': [0, 0, 0, 0, 0, 0, 0, 0, 27, 46, 57, 53, 39, 30, 35, 48, 47, 29, 0, 0, 0, 0, 0, 0]}]",3.9,511,40,"[15, 15]",1
ChIJa6DmFqzdQUcRiZbDcG0LD90,SPAR szupermarket,47.4739818,19.0547369,supermarket,"Budapest, Irinyi József utca 34","SPAR szupermarket Budapest, Irinyi József utca 34 budapest","[{'name': 'Monday', 'data': [0, 0, 0, 0, 0, 0, 0, 33, 51, 56, 55, 56, 56, 49, 48, 61, 81, 91, 79, 54, 28, 0, 0, 0]}, {'name': 'Tuesday', 'data': [0, 0, 0, 0, 0, 0, 0, 32, 48, 52, 53, 61, 67, 62, 56, 63, 84, 100, 93, 66, 35, 0, 0, 0]}, {'name': 'Wednesday', 'data': [0, 0, 0, 0, 0, 0, 0, 24, 36, 48, 56, 58, 54, 48, 47, 58, 77, 88, 78, 51, 25, 0, 0, 0]}, {'name': 'Thursday', 'data': [0, 0, 0, 0, 0, 0, 0, 29, 43, 54, 60, 63, 64, 61, 60, 65, 74, 76, 65, 45, 24, 0, 0, 0]}, {'name': 'Friday', 'data': [0, 0, 0, 0, 0, 0, 0, 26, 40, 48, 48, 43, 37, 33, 32, 36, 42, 45, 40, 30, 17, 0, 0, 0]}, {'name': 'Saturday', 'data': [0, 0, 0, 0, 0, 0, 0, 13, 22, 30, 33, 32, 30, 31, 30, 24, 15, 0, 0, 0, 0, 0, 0, 0]}, {'name': 'Sunday', 'data': [0, 0, 0, 0, 0, 0, 0, 0, 14, 29, 34, 31, 28, 21, 0, 0, 0, 0, 0, 0, 0, 0, 0, 0]}]",3.9,583,36,"[15, 15]",0
ChIJbSgNvszdQUcReRdq-j76AC8,ChameleonFarm,47.4811864,19.0301512,pet_store,"Budapest, Karolina út 17a","ChameleonFarm Budapest, Karolina út 17a budapest","[{'name': 'Monday', 'data': [0, 0, 0, 0, 0, 0, 0, 0, 0, 0, 55, 60, 54, 45, 48, 61, 69, 58, 0, 0, 0, 0, 0, 0]}, {'name': 'Tuesday', 'data': [0, 0, 0, 0, 0, 0, 0, 0, 0, 0, 30, 44, 51, 47, 37, 38, 71, 77, 0, 0, 0, 0, 0, 0]}, {'name': 'Wednesday', 'data': [0, 0, 0, 0, 0, 0, 0, 0, 0, 0, 37, 45, 49, 48, 42, 39, 68, 77, 0, 0, 0, 0, 0, 0]}, {'name': 'Thursday', 'data': [0, 0, 0, 0, 0, 0, 0, 0, 0, 0, 48, 58, 60, 54, 51, 68, 86, 65, 0, 0, 0, 0, 0, 0]}, {'name': 'Friday', 'data': [0, 0, 0, 0, 0, 0, 0, 0, 0, 0, 35, 41, 43, 48, 56, 57, 50, 36, 0, 0, 0, 0, 0, 0]}, {'name': 'Saturday', 'data': [0, 0, 0, 0, 0, 0, 0, 0, 0, 0, 67, 100, 95, 65, 0, 0, 0, 0, 0, 0, 0, 0, 0, 0]}, {'name': 'Sunday', 'data': [0, 0, 0, 0, 0, 0, 0, 0, 0, 0, 0, 0, 0, 0, 0, 0, 0, 0, 0, 0, 0, 0, 0, 0]}]",4.6,290,42,"[15, 15]",0
ChIJc6tJgLHdQUcR2BcMlAKza9Y,BioHair,47.4744459,19.0457515,hair_care,"Budapest, Bocskai út 3","BioHair Budapest, Bocskai út 3 budapest","[{'name': 'Monday', 'data': [0, 0, 0, 0, 0, 0, 0, 0, 18, 31, 45, 58, 68, 71, 67, 58, 56, 69, 57, 22, 0, 0, 0, 0]}, {'name': 'Tuesday', 'data': [0, 0, 0, 0, 0, 0, 0, 0, 15, 28, 43, 56, 65, 64, 56, 50, 54, 66, 59, 32, 0, 0, 0, 0]}, {'name': 'Wednesday', 'data': [0, 0, 0, 0, 0, 0, 0, 0, 13, 24, 38, 50, 57, 56, 53, 62, 88, 100, 71, 29, 0, 0, 0, 0]}, {'name': 'Thursday', 'data': [0, 0, 0, 0, 0, 0, 0, 0, 16, 37, 57, 67, 59, 43, 36, 52, 80, 82, 53, 22, 0, 0, 0, 0]}, {'name': 'Friday', 'data': [0, 0, 0, 0, 0, 0, 0, 0, 19, 30, 41, 51, 58, 61, 58, 55, 64, 87, 82, 43, 0, 0, 0, 0]}, {'name': 'Saturday', 'data': [0, 0, 0, 0, 0, 0, 0, 0, 32, 53, 74, 84, 78, 60, 45, 56, 76, 42, 0, 0, 0, 0, 0, 0]}, {'name': 'Sunday', 'data': [0, 0, 0, 0, 0, 0, 0, 0, 0, 0, 0, 0, 0, 0, 0, 0, 0, 0, 0, 0, 0, 0, 0, 0]}]",4.1,372,86,"[30, 30]",0
ChIJc6tJgLHdQUcRsNrHYVx8ee4,Akela Állatpatika és Állatok Áruháza Buda,47.4744229,19.0455974,pharmacy,"Budapest, Bocskai út 3","Akela Állatpatika és Állatok Áruháza Buda Budapest, Bocskai út 3 budapest","[{'name': 'Monday', 'data': [0, 0, 0, 0, 0, 0, 0, 0, 0, 20, 31, 35, 33, 29, 37, 60, 79, 72, 45, 0, 0, 0, 0, 0]}, {'name': 'Tuesday', 'data': [0, 0, 0, 0, 0, 0, 0, 0, 0, 52, 35, 37, 66, 66, 35, 20, 47, 77, 54, 0, 0, 0, 0, 0]}, {'name': 'Wednesday', 'data': [0, 0, 0, 0, 0, 0, 0, 0, 0, 18, 37, 41, 29, 20, 37, 54, 45, 87, 77, 0, 0, 0, 0, 0]}, {'name': 'Thursday', 'data': [0, 0, 0, 0, 0, 0, 0, 0, 0, 37, 64, 62, 35, 25, 43, 68, 81, 87, 64, 0, 0, 0, 0, 0]}, {'name': 'Friday', 'data': [0, 0, 0, 0, 0, 0, 0, 0, 0, 6, 14, 25, 35, 45, 50, 54, 75, 100, 77, 0, 0, 0, 0, 0]}, {'name': 'Saturday', 'data': [0, 0, 0, 0, 0, 0, 0, 0, 0, 27, 64, 95, 83, 43, 0, 0, 0, 0, 0, 0, 0, 0, 0, 0]}, {'name': 'Sunday', 'data': [0, 0, 0, 0, 0, 0, 0, 0, 0, 0, 0, 0, 0, 0, 0, 0, 0, 0, 0, 0, 0, 0, 0, 0]}]",4.8,147,5,"[15, 15]",0
ChIJd6P1f77dQUcR3Jf9Di7IVyg,Budapest Bank - Délbudai Fiók,47.4641145,19.0309489,atm,"Budapest, Etele út 57","Budapest Bank - Délbudai Fiók Budapest, Etele út 57 budapest","[{'name': 'Monday', 'data': [0, 0, 0, 0, 0, 0, 0, 0, 42, 75, 90, 85, 82, 89, 94, 86, 66, 0, 0, 0, 0, 0, 0, 0]}, {'name': 'Tuesday', 'data': [0, 0, 0, 0, 0, 0, 0, 0, 52, 62, 62, 73, 92, 100, 85, 59, 0, 0, 0, 0, 0, 0, 0, 0]}, {'name': 'Wednesday', 'data': [0, 0, 0, 0, 0, 0, 0, 0, 44, 73, 78, 73, 79, 89, 85, 67, 0, 0, 0, 0, 0, 0, 0, 0]}, {'name': 'Thursday', 'data': [0, 0, 0, 0, 0, 0, 0, 0, 45, 70, 82, 83, 85, 85, 76, 58, 0, 0, 0, 0, 0, 0, 0, 0]}, {'name': 'Friday', 'data': [0, 0, 0, 0, 0, 0, 0, 0, 52, 74, 72, 65, 76, 84, 68, 0, 0, 0, 0, 0, 0, 0, 0, 0]}, {'name': 'Saturday', 'data': [0, 0, 0, 0, 0, 0, 0, 0, 0, 0, 0, 0, 0, 0, 0, 0, 0, 0, 0, 0, 0, 0, 0, 0]}, {'name': 'Sunday', 'data': [0, 0, 0, 0, 0, 0, 0, 0, 0, 0, 0, 0, 0, 0, 0, 0, 0, 0, 0, 0, 0, 0, 0, 0]}]",3.4,27,45,"[20, 20]",0
ChIJeT1PEKndQUcRpJGQc-iAr0k,Budapest Bank ATM,47.4641571,19.030807,atm,"Budapest, Etele út 57","Budapest Bank ATM Budapest, Etele út 57 budapest","[{'name': 'Monday', 'data': [0, 0, 0, 0, 0, 0, 0, 0, 42, 75, 90, 85, 82, 89, 94, 86, 66, 0, 0, 0, 0, 0, 0, 0]}, {'name': 'Tuesday', 'data': [0, 0, 0, 0, 0, 0, 0, 0, 52, 62, 62, 73, 92, 100, 85, 59, 0, 0, 0, 0, 0, 0, 0, 0]}, {'name': 'Wednesday', 'data': [0, 0, 0, 0, 0, 0, 0, 0, 44, 73, 78, 73, 79, 89, 85, 67, 0, 0, 0, 0, 0, 0, 0, 0]}, {'name': 'Thursday', 'data': [0, 0, 0, 0, 0, 0, 0, 0, 45, 70, 82, 83, 85, 85, 76, 58, 0, 0, 0, 0, 0, 0, 0, 0]}, {'name': 'Friday', 'data': [0, 0, 0, 0, 0, 0, 0, 0, 52, 74, 72, 65, 76, 84, 68, 0, 0, 0, 0, 0, 0, 0, 0, 0]}, {'name': 'Saturday', 'data': [0, 0, 0, 0, 0, 0, 0, 0, 0, 0, 0, 0, 0, 0, 0, 0, 0, 0, 0, 0, 0, 0, 0, 0]}, {'name': 'Sunday', 'data': [0, 0, 0, 0, 0, 0, 0, 0, 0, 0, 0, 0, 0, 0, 0, 0, 0, 0, 0, 0, 0, 0, 0, 0]}]",3.4,27,45,"[20, 20]",0
ChIJeZ6grL_dQUcR0r7qbXLtxsQ,Chili Fitness 2,47.4641955,19.0308056,gym,"Budapest, Etele út 57","Chili Fitness 2 Budapest, Etele út 57 budapest","[{'name': 'Monday', 'data': [5, 2, 0, 1, 8, 17, 27, 34, 34, 31, 29, 35, 43, 46, 44, 49, 63, 79, 89, 87, 73, 53, 32, 15]}, {'name': 'Tuesday', 'data': [4, 1, 1, 1, 4, 14, 27, 40, 51, 56, 54, 47, 40, 39, 46, 61, 79, 93, 100, 94, 79, 58, 36, 19]}, {'name': 'Wednesday', 'data': [6, 1, 1, 1, 5, 15, 25, 36, 43, 44, 40, 33, 27, 27, 34, 48, 65, 80, 86, 80, 66, 46, 27, 12]}, {'name': 'Thursday', 'data': [2, 1, 1, 1, 3, 12, 24, 36, 45, 47, 44, 37, 33, 33, 41, 53, 67, 78, 82, 79, 69, 54, 38, 23]}, {'name': 'Friday', 'data': [11, 3, 1, 1, 4, 12, 22, 33, 41, 45, 45, 41, 38, 36, 39, 44, 49, 52, 52, 47, 38, 28, 18, 9]}, {'name': 'Saturday', 'data': [2, 1, 1, 1, 1, 1, 4, 13, 23, 33, 40, 42, 39, 32, 25, 21, 20, 21, 22, 23, 21, 18, 13, 8]}, {'name': 'Sunday', 'data': [3, 1, 1, 1, 1, 0, 3, 8, 13, 19, 24, 26, 25, 24, 22, 22, 25, 30, 33, 33, 29, 23, 15, 9]}]",4.4,474,23,"[60, 120]",1
ChIJey5POaXdQUcR9U22Oko40I4,BHG Tánc- és Mozgásstúdió,47.4679736,19.0459146,gym,"Budapest, Sopron út 19","BHG Tánc- és Mozgásstúdió Budapest, Sopron út 19 budapest","[{'name': 'Monday', 'data': [1, 0, 0, 1, 1, 1, 1, 1, 1, 1, 1, 1, 1, 0, 1, 3, 13, 33, 60, 73, 59, 30, 6, 1]}, {'name': 'Tuesday', 'data': [1, 1, 1, 1, 1, 1, 1, 0, 5, 7, 6, 2, 1, 1, 0, 17, 45, 71, 78, 65, 57, 53, 27, 1]}, {'name': 'Wednesday', 'data': [1, 0, 1, 1, 1, 1, 1, 1, 6, 11, 10, 4, 1, 1, 1, 1, 18, 41, 62, 86, 100, 72, 24, 1]}, {'name': 'Thursday', 'data': [0, 0, 0, 0, 1, 1, 1, 2, 9, 12, 9, 3, 1, 1, 7, 21, 36, 46, 53, 59, 52, 28, 3, 1]}, {'name': 'Friday', 'data': [1, 0, 0, 0, 1, 1, 1, 1, 1, 1, 1, 1, 1, 1, 2, 11, 21, 29, 33, 32, 32, 38, 47, 49]}, {'name': 'Saturday', 'data': [36, 17, 0, 1, 1, 1, 1, 1, 1, 1, 1, 2, 5, 8, 11, 13, 15, 18, 22, 27, 29, 28, 23, 16]}, {'name': 'Sunday', 'data': [8, 0, 1, 1, 1, 0, 0, 1, 1, 1, 0, 3, 6, 10, 18, 29, 42, 51, 59, 71, 66, 30, 0, 1]}]",4.6,27,0,"[60, 180]",1
ChIJf9TZhLPdQUcR6cnHtmZ5bFI,West Coast Barbers,47.4769359,19.0443249,hair_care,"Budapest, Bartók Béla út 59","West Coast Barbers Budapest, Bartók Béla út 59 budapest","[{'name': 'Monday', 'data': [0, 0, 0, 0, 0, 0, 0, 0, 0, 0, 42, 53, 61, 65, 63, 55, 48, 51, 76, 51, 0, 0, 0, 0]}, {'name': 'Tuesday', 'data': [0, 0, 0, 0, 0, 0, 0, 0, 0, 0, 71, 86, 90, 84, 73, 65, 76, 88, 71, 34, 0, 0, 0, 0]}, {'name': 'Wednesday', 'data': [0, 0, 0, 0, 0, 0, 0, 0, 0, 0, 65, 90, 100, 90, 69, 53, 63, 82, 76, 42, 0, 0, 0, 0]}, {'name': 'Thursday', 'data': [0, 0, 0, 0, 0, 0, 0, 0, 0, 0, 63, 80, 75, 59, 61, 78, 94, 86, 57, 26, 0, 0, 0, 0]}, {'name': 'Friday', 'data': [0, 0, 0, 0, 0, 0, 0, 0, 0, 0, 73, 94, 82, 63, 59, 75, 90, 86, 65, 38, 0, 0, 0, 0]}, {'name': 'Saturday', 'data': [0, 0, 0, 0, 0, 0, 0, 0, 0, 0, 0, 0, 0, 0, 0, 0, 0, 0, 0, 0, 0, 0, 0, 0]}, {'name': 'Sunday', 'data': [0, 0, 0, 0, 0, 0, 0, 0, 0, 0, 0, 0, 0, 0, 0, 0, 0, 0, 0, 0, 0, 0, 0, 0]}]",4.8,152,100,"[30, 60]",0
ChIJfedddbLdQUcRBahb8G75hAY,Cinema City Allee,47.4754174,19.0488664,movie_theater,"Budapest, Allee bevásárlóközpont, Október huszonharmadika utca 8-10","Cinema City Allee Budapest, Allee bevásárlóközpont, Október huszonharmadika utca 8-10 budapest","[{'name': 'Monday', 'data': [0, 0, 0, 0, 0, 0, 0, 0, 0, 0, 3, 6, 11, 15, 18, 20, 23, 30, 39, 45, 45, 36, 24, 0]}, {'name': 'Tuesday', 'data': [0, 0, 0, 0, 0, 0, 0, 0, 0, 1, 3, 7, 12, 16, 17, 19, 23, 32, 45, 55, 56, 45, 30, 0]}, {'name': 'Wednesday', 'data': [0, 0, 0, 0, 0, 0, 0, 0, 0, 1, 4, 7, 12, 17, 21, 24, 27, 37, 54, 69, 71, 57, 35, 0]}, {'name': 'Thursday', 'data': [0, 0, 0, 0, 0, 0, 0, 0, 0, 0, 3, 7, 13, 19, 23, 26, 31, 41, 56, 69, 72, 61, 42, 0]}, {'name': 'Friday', 'data': [0, 0, 0, 0, 0, 0, 0, 0, 0, 1, 4, 8, 14, 19, 24, 29, 37, 49, 63, 76, 81, 73, 52, 0]}, {'name': 'Saturday', 'data': [0, 0, 0, 0, 0, 0, 0, 0, 0, 4, 9, 17, 27, 37, 48, 58, 69, 82, 94, 100, 97, 85, 60, 0]}, {'name': 'Sunday', 'data': [0, 0, 0, 0, 0, 0, 0, 0, 0, 3, 10, 20, 29, 37, 48, 62, 72, 76, 77, 77, 68, 51, 30, 0]}]",4.5,7461,17,,1
ChIJhyxyHLXdQUcR6X3xu4va9kQ,Villany Fitness,47.47887,19.041191,gym,"Budapest, Villányi út 27","Villany Fitness Budapest, Villányi út 27 budapest","[{'name': 'Monday', 'data': [0, 0, 0, 0, 0, 0, 10, 23, 37, 46, 47, 39, 25, 14, 13, 27, 59, 91, 100, 75, 39, 13, 0, 0]}, {'name': 'Tuesday', 'data': [0, 0, 0, 0, 0, 0, 7, 12, 18, 21, 23, 21, 17, 14, 18, 35, 66, 94, 97, 72, 37, 12, 0, 0]}, {'name': 'Wednesday', 'data': [0, 0, 0, 0, 0, 0, 17, 30, 42, 48, 46, 37, 25, 15, 13, 24, 47, 72, 79, 64, 37, 15, 0, 0]}, {'name': 'Thursday', 'data': [0, 0, 0, 0, 0, 0, 14, 27, 37, 37, 31, 26, 22, 13, 10, 22, 46, 71, 80, 65, 39, 16, 0, 0]}, {'name': 'Friday', 'data': [0, 0, 0, 0, 0, 0, 3, 13, 27, 37, 35, 24, 14, 12, 18, 28, 36, 38, 33, 23, 13, 5, 0, 0]}, {'name': 'Saturday', 'data': [0, 0, 0, 0, 0, 0, 0, 0, 15, 18, 16, 23, 25, 16, 5, 0, 0, 0, 0, 0, 0, 0, 0, 0]}, {'name': 'Sunday', 'data': [0, 0, 0, 0, 0, 0, 0, 0, 5, 13, 18, 19, 17, 14, 9, 0, 0, 0, 0, 0, 0, 0, 0, 0]}]",4.5,83,0,"[60, 120]",1
ChIJi07cGMjdQUcRguB9OPVnpno,Lukoil 11. Kerület,47.472913,19.032701,gas_station,"Budapest, Bartók Béla út 105","Lukoil 11. Kerület Budapest, Bartók Béla út 105 budapest","[{'name': 'Monday', 'data': [22, 6, 1, 1, 1, 1, 1, 19, 44, 68, 81, 83, 78, 71, 64, 60, 58, 58, 59, 59, 56, 50, 40, 28]}, {'name': 'Tuesday', 'data': [16, 6, 1, 1, 1, 10, 24, 42, 59, 73, 80, 80, 73, 64, 57, 55, 57, 61, 66, 68, 65, 58, 47, 33]}, {'name': 'Wednesday', 'data': [20, 8, 1, 1, 1, 7, 21, 41, 60, 75, 82, 80, 72, 64, 57, 57, 60, 66, 71, 71, 67, 57, 44, 30]}, {'name': 'Thursday', 'data': [16, 6, 1, 1, 1, 1, 16, 37, 59, 74, 78, 75, 71, 76, 87, 96, 96, 84, 69, 60, 57, 59, 57, 50]}, {'name': 'Friday', 'data': [35, 20, 6, 1, 1, 1, 17, 39, 63, 84, 97, 100, 93, 84, 75, 71, 71, 71, 68, 64, 61, 59, 58, 52]}, {'name': 'Saturday', 'data': [38, 20, 4, 1, 1, 7, 23, 42, 61, 71, 71, 61, 44, 27, 24, 53, 75, 47, 17, 21, 40, 56, 58, 47]}, {'name': 'Sunday', 'data': [28, 8, 1, 1, 1, 1, 1, 12, 26, 40, 50, 54, 51, 42, 35, 35, 47, 65, 81, 84, 77, 64, 53, 39]}]",4.3,298,15,"[10, 10]",1
ChIJidMOybHdQUcR-9AoyOhILw0,Rege Söröző,47.4726399,19.0461205,bar,"Budapest, Fehérvári út 32","Rege Söröző Budapest, Fehérvári út 32 budapest","[{'name': 'Monday', 'data': [0, 0, 0, 0, 0, 0, 0, 1, 1, 1, 1, 1, 1, 2, 3, 8, 20, 36, 42, 37, 34, 31, 21, 0]}, {'name': 'Tuesday', 'data': [0, 0, 0, 0, 0, 0, 0, 1, 1, 1, 1, 1, 0, 2, 6, 13, 26, 44, 63, 74, 72, 58, 37, 0]}, {'name': 'Wednesday', 'data': [0, 0, 0, 0, 0, 0, 0, 1, 0, 1, 1, 2, 2, 2, 2, 8, 27, 57, 70, 68, 75, 72, 45, 0]}, {'name': 'Thursday', 'data': [0, 0, 0, 0, 0, 0, 0, 0, 2, 4, 5, 8, 9, 10, 12, 17, 28, 47, 62, 71, 88, 100, 66, 0]}, {'name': 'Friday', 'data': [0, 0, 0, 0, 0, 0, 0, 1, 1, 1, 1, 1, 2, 7, 16, 26, 37, 48, 62, 78, 89, 85, 66, 0]}, {'name': 'Saturday', 'data': [0, 0, 0, 0, 0, 0, 0, 1, 1, 2, 6, 9, 13, 17, 20, 23, 27, 34, 45, 55, 58, 50, 34, 0]}, {'name': 'Sunday', 'data': [0, 0, 0, 0, 0, 0, 0, 1, 1, 2, 3, 4, 6, 9, 14, 20, 25, 29, 28, 24, 17, 9, 0, 0]}]",4.2,1065,49,,1
ChIJjWZziK7dQUcRrQL3QsBcbS0,Marianna Pharmacy,47.4727984,19.051862300000003,pharmacy,"Budapest, Október 23. utca 35","Marianna Pharmacy Budapest, Október 23. utca 35 budapest","[{'name': 'Monday', 'data': [0, 0, 0, 0, 0, 0, 0, 0, 22, 45, 66, 69, 52, 32, 24, 39, 71, 100, 98, 67, 0, 0, 0, 0]}, {'name': 'Tuesday', 'data': [0, 0, 0, 0, 0, 0, 0, 0, 43, 54, 62, 64, 62, 54, 45, 41, 56, 73, 60, 26, 0, 0, 0, 0]}, {'name': 'Wednesday', 'data': [0, 0, 0, 0, 0, 0, 0, 0, 32, 50, 67, 75, 69, 56, 43, 43, 60, 75, 60, 30, 0, 0, 0, 0]}, {'name': 'Thursday', 'data': [0, 0, 0, 0, 0, 0, 0, 0, 39, 67, 88, 86, 62, 35, 16, 22, 49, 71, 58, 26, 0, 0, 0, 0]}, {'name': 'Friday', 'data': [0, 0, 0, 0, 0, 0, 0, 0, 39, 56, 60, 52, 41, 35, 39, 49, 50, 45, 32, 20, 0, 0, 0, 0]}, {'name': 'Saturday', 'data': [0, 0, 0, 0, 0, 0, 0, 0, 0, 0, 0, 0, 0, 0, 0, 0, 0, 0, 0, 0, 0, 0, 0, 0]}, {'name': 'Sunday', 'data': [0, 0, 0, 0, 0, 0, 0, 0, 0, 0, 0, 0, 0, 0, 0, 0, 0, 0, 0, 0, 0, 0, 0, 0]}]",4.5,23,100,"[10, 10]",0
ChIJjXwArsbdQUcR7a4kSylW4-0,Szent Gellért-templom,47.4685737,19.0236723,transit_station,Budapest,Szent Gellért-templom Budapest budapest,"[{'name': 'Monday', 'data': [0, 0, 0, 0, 0, 0, 0, 0, 0, 0, 0, 0, 0, 0, 0, 0, 16, 23, 0, 0, 0, 0, 0, 0]}, {'name': 'Tuesday', 'data': [0, 0, 0, 0, 0, 0, 0, 0, 0, 0, 0, 0, 0, 0, 0, 0, 19, 21, 0, 0, 0, 0, 0, 0]}, {'name': 'Wednesday', 'data': [0, 0, 0, 0, 0, 0, 0, 0, 0, 0, 0, 0, 0, 0, 0, 0, 20, 27, 0, 0, 0, 0, 0, 0]}, {'name': 'Thursday', 'data': [0, 0, 0, 0, 0, 0, 0, 0, 0, 0, 0, 0, 0, 0, 0, 0, 23, 29, 0, 0, 0, 0, 0, 0]}, {'name': 'Friday', 'data': [0, 0, 0, 0, 0, 0, 0, 0, 0, 0, 0, 0, 0, 0, 0, 0, 33, 49, 0, 0, 0, 0, 0, 0]}, {'name': 'Saturday', 'data': [0, 0, 0, 0, 0, 0, 0, 0, 0, 0, 0, 0, 0, 0, 0, 0, 0, 21, 0, 0, 0, 0, 0, 0]}, {'name': 'Sunday', 'data': [0, 0, 0, 0, 0, 0, 0, 0, 37, 74, 100, 89, 56, 0, 0, 0, 0, 50, 77, 0, 0, 0, 0, 0]}]",4.6,465,12,,1
ChIJjc2nSU3cQUcRWArDJdJ3SUo,Hadik,47.4792222,19.0511094,restaurant,"Budapest, Bartók Béla út 36","Hadik Budapest, Bartók Béla út 36 budapest","[{'name': 'Monday', 'data': [0, 0, 0, 0, 0, 0, 0, 0, 0, 0, 0, 0, 20, 23, 26, 28, 33, 46, 69, 85, 79, 52, 24, 0]}, {'name': 'Tuesday', 'data': [0, 0, 0, 0, 0, 0, 0, 0, 0, 0, 0, 0, 23, 30, 37, 43, 50, 64, 83, 100, 98, 73, 39, 0]}, {'name': 'Wednesday', 'data': [0, 0, 0, 0, 0, 0, 0, 0, 0, 0, 0, 0, 26, 40, 49, 53, 56, 66, 82, 93, 87, 65, 38, 0]}, {'name': 'Thursday', 'data': [0, 0, 0, 0, 0, 0, 0, 0, 0, 0, 0, 0, 30, 45, 52, 49, 42, 46, 67, 92, 100, 82, 50, 0]}, {'name': 'Friday', 'data': [0, 0, 0, 0, 0, 0, 0, 0, 0, 0, 0, 0, 37, 51, 56, 51, 49, 59, 79, 96, 96, 77, 50, 0]}, {'name': 'Saturday', 'data': [0, 0, 0, 0, 0, 0, 0, 0, 0, 0, 0, 0, 27, 44, 56, 60, 58, 58, 65, 72, 70, 56, 36, 0]}, {'name': 'Sunday', 'data': [0, 0, 0, 0, 0, 0, 0, 0, 0, 0, 0, 0, 24, 40, 52, 56, 52, 46, 51, 62, 67, 54, 30, 0]}]",4.4,1368,19,"[60, 150]",1
ChIJkeeIqMHdQUcRLr0QoumbMAI,Erdős és Fiai Cukrászda,47.4656147,19.0234975,cafe,"Budapest, Etele tér 3","Erdős és Fiai Cukrászda Budapest, Etele tér 3 budapest","[{'name': 'Monday', 'data': [0, 0, 0, 0, 0, 0, 0, 0, 2, 5, 8, 12, 15, 17, 17, 21, 32, 43, 40, 0, 0, 0, 0, 0]}, {'name': 'Tuesday', 'data': [0, 0, 0, 0, 0, 0, 0, 0, 5, 9, 13, 15, 16, 17, 20, 28, 39, 43, 35, 0, 0, 0, 0, 0]}, {'name': 'Wednesday', 'data': [0, 0, 0, 0, 0, 0, 0, 0, 4, 7, 10, 14, 16, 19, 22, 28, 38, 44, 39, 0, 0, 0, 0, 0]}, {'name': 'Thursday', 'data': [0, 0, 0, 0, 0, 0, 0, 0, 6, 10, 13, 17, 19, 20, 19, 20, 31, 50, 47, 0, 0, 0, 0, 0]}, {'name': 'Friday', 'data': [0, 0, 0, 0, 0, 0, 0, 0, 6, 10, 14, 19, 23, 27, 33, 42, 44, 43, 54, 0, 0, 0, 0, 0]}, {'name': 'Saturday', 'data': [0, 0, 0, 0, 0, 0, 0, 0, 0, 9, 16, 26, 35, 43, 47, 53, 67, 79, 64, 0, 0, 0, 0, 0]}, {'name': 'Sunday', 'data': [0, 0, 0, 0, 0, 0, 0, 0, 0, 10, 17, 25, 34, 45, 64, 86, 100, 93, 67, 0, 0, 0, 0, 0]}]",4.5,2210,11,"[20, 20]",1
ChIJl7cY5ZTdQUcRz0tjxPt2X2w,Tranzit Art Café,47.4740924,19.039947,bar,"Budapest, Tranzit Art Café, Kosztolányi Dezső tér","Tranzit Art Café Budapest, Tranzit Art Café, Kosztolányi Dezső tér budapest","[{'name': 'Monday', 'data': [0, 0, 0, 0, 0, 0, 0, 0, 0, 16, 21, 25, 28, 30, 30, 28, 28, 30, 36, 40, 37, 26, 0, 0]}, {'name': 'Tuesday', 'data': [0, 0, 0, 0, 0, 0, 0, 0, 0, 20, 30, 37, 40, 38, 32, 26, 28, 42, 66, 81, 74, 49, 0, 0]}, {'name': 'Wednesday', 'data': [0, 0, 0, 0, 0, 0, 0, 0, 0, 20, 28, 35, 40, 42, 41, 37, 34, 40, 61, 86, 90, 66, 0, 0]}, {'name': 'Thursday', 'data': [0, 0, 0, 0, 0, 0, 0, 0, 0, 21, 30, 37, 40, 39, 35, 34, 43, 65, 89, 100, 85, 56, 0, 0]}, {'name': 'Friday', 'data': [0, 0, 0, 0, 0, 0, 0, 0, 0, 16, 20, 24, 26, 28, 28, 27, 27, 33, 47, 64, 71, 57, 0, 0]}, {'name': 'Saturday', 'data': [0, 0, 0, 0, 0, 0, 0, 0, 0, 0, 0, 0, 0, 0, 0, 0, 0, 0, 0, 0, 0, 0, 0, 0]}, {'name': 'Sunday', 'data': [0, 0, 0, 0, 0, 0, 0, 0, 0, 0, 0, 0, 0, 0, 0, 0, 0, 0, 0, 0, 0, 0, 0, 0]}]",4.4,1265,22,,0
ChIJm7X1703cQUcRpZHXBTklVvY,BME OMIKK,47.48088920000001,19.0545153,library,"Budapest, Budafoki út 4-6","BME OMIKK Budapest, Budafoki út 4-6 budapest","[{'name': 'Monday', 'data': [0, 0, 0, 0, 0, 0, 0, 0, 24, 45, 70, 91, 100, 95, 81, 63, 49, 38, 26, 12, 0, 0, 0, 0]}, {'name': 'Tuesday', 'data': [0, 0, 0, 0, 0, 0, 0, 0, 35, 59, 79, 83, 74, 62, 55, 49, 44, 39, 28, 12, 0, 0, 0, 0]}, {'name': 'Wednesday', 'data': [0, 0, 0, 0, 0, 0, 0, 0, 27, 40, 65, 79, 75, 67, 64, 60, 49, 34, 19, 8, 0, 0, 0, 0]}, {'name': 'Thursday', 'data': [0, 0, 0, 0, 0, 0, 0, 0, 27, 49, 68, 75, 74, 71, 70, 66, 54, 38, 22, 10, 0, 0, 0, 0]}, {'name': 'Friday', 'data': [0, 0, 0, 0, 0, 0, 0, 0, 24, 40, 53, 57, 51, 40, 30, 24, 22, 20, 15, 10, 0, 0, 0, 0]}, {'name': 'Saturday', 'data': [0, 0, 0, 0, 0, 0, 0, 0, 0, 0, 0, 0, 0, 0, 0, 0, 0, 0, 0, 0, 0, 0, 0, 0]}, {'name': 'Sunday', 'data': [0, 0, 0, 0, 0, 0, 0, 0, 0, 0, 0, 0, 0, 0, 0, 0, 0, 0, 0, 0, 0, 0, 0, 0]}]",4.8,52,53,"[60, 60]",0
ChIJmVpfBrDdQUcRs8Zp3r43ZZw,Floga Grill,47.4695378,19.0449892,restaurant,"Budapest, Fehérvári út 48","Floga Grill Budapest, Fehérvári út 48 budapest","[{'name': 'Monday', 'data': [0, 0, 0, 0, 0, 0, 0, 0, 0, 0, 0, 38, 62, 57, 31, 14, 16, 27, 37, 37, 27, 0, 0, 0]}, {'name': 'Tuesday', 'data': [0, 0, 0, 0, 0, 0, 0, 0, 0, 0, 0, 65, 100, 61, 20, 14, 23, 32, 37, 34, 24, 0, 0, 0]}, {'name': 'Wednesday', 'data': [0, 0, 0, 0, 0, 0, 0, 0, 0, 0, 0, 56, 78, 67, 35, 15, 16, 31, 48, 51, 36, 0, 0, 0]}, {'name': 'Thursday', 'data': [0, 0, 0, 0, 0, 0, 0, 0, 0, 0, 0, 46, 73, 75, 52, 27, 21, 33, 44, 40, 24, 0, 0, 0]}, {'name': 'Friday', 'data': [0, 0, 0, 0, 0, 0, 0, 0, 0, 0, 0, 42, 65, 62, 38, 20, 20, 30, 38, 34, 23, 0, 0, 0]}, {'name': 'Saturday', 'data': [0, 0, 0, 0, 0, 0, 0, 0, 0, 0, 0, 27, 51, 66, 58, 36, 21, 23, 34, 34, 21, 0, 0, 0]}, {'name': 'Sunday', 'data': [0, 0, 0, 0, 0, 0, 0, 0, 0, 0, 0, 0, 0, 0, 0, 0, 0, 0, 0, 0, 0, 0, 0, 0]}]",4.5,1346,44,"[30, 30]",0
ChIJmd9XNa3dQUcRabG1SAoN4zM,Copyguru - Budafoki,47.4782234,19.0537938,store,"Budapest, Budafoki út 14","Copyguru - Budafoki Budapest, Budafoki út 14 budapest","[{'name': 'Monday', 'data': [0, 0, 0, 0, 0, 0, 0, 0, 43, 68, 75, 66, 60, 64, 71, 71, 61, 75, 64, 0, 0, 0, 0, 0]}, {'name': 'Tuesday', 'data': [0, 0, 0, 0, 0, 0, 0, 0, 37, 68, 94, 100, 88, 76, 72, 75, 73, 62, 44, 0, 0, 0, 0, 0]}, {'name': 'Wednesday', 'data': [0, 0, 0, 0, 0, 0, 0, 0, 33, 55, 71, 72, 65, 60, 62, 65, 63, 52, 36, 0, 0, 0, 0, 0]}, {'name': 'Thursday', 'data': [0, 0, 0, 0, 0, 0, 0, 0, 30, 48, 66, 77, 76, 66, 52, 48, 55, 57, 41, 0, 0, 0, 0, 0]}, {'name': 'Friday', 'data': [0, 0, 0, 0, 0, 0, 0, 0, 28, 47, 61, 62, 53, 43, 39, 41, 41, 35, 25, 0, 0, 0, 0, 0]}, {'name': 'Saturday', 'data': [0, 0, 0, 0, 0, 0, 0, 0, 0, 0, 31, 39, 33, 32, 34, 33, 27, 20, 0, 0, 0, 0, 0, 0]}, {'name': 'Sunday', 'data': [0, 0, 0, 0, 0, 0, 0, 0, 0, 0, 0, 0, 0, 0, 0, 0, 0, 0, 0, 0, 0, 0, 0, 0]}]",4.4,219,22,"[15, 15]",1
ChIJn39EtqXdQUcR7lQOHpYCzYo,Trófea Grill Étterem Újbuda,47.4666853,19.0491881,restaurant,"Budapest, Hauszmann Alajos utca 6b","Trófea Grill Étterem Újbuda Budapest, Hauszmann Alajos utca 6b budapest","[{'name': 'Monday', 'data': [0, 0, 0, 0, 0, 0, 0, 0, 0, 0, 0, 0, 45, 52, 51, 44, 36, 34, 39, 43, 40, 28, 13, 0]}, {'name': 'Tuesday', 'data': [0, 0, 0, 0, 0, 0, 0, 0, 0, 0, 0, 0, 49, 55, 53, 44, 37, 37, 44, 49, 43, 29, 13, 0]}, {'name': 'Wednesday', 'data': [0, 0, 0, 0, 0, 0, 0, 0, 0, 0, 0, 0, 51, 55, 50, 41, 36, 42, 55, 63, 58, 40, 19, 0]}, {'name': 'Thursday', 'data': [0, 0, 0, 0, 0, 0, 0, 0, 0, 0, 0, 0, 48, 58, 61, 57, 52, 54, 63, 71, 68, 51, 29, 0]}, {'name': 'Friday', 'data': [0, 0, 0, 0, 0, 0, 0, 0, 0, 0, 0, 36, 52, 70, 80, 76, 66, 62, 71, 81, 78, 61, 36, 0]}, {'name': 'Saturday', 'data': [0, 0, 0, 0, 0, 0, 0, 0, 0, 0, 0, 44, 64, 80, 83, 77, 73, 80, 92, 100, 91, 69, 42, 0]}, {'name': 'Sunday', 'data': [0, 0, 0, 0, 0, 0, 0, 0, 0, 0, 0, 43, 72, 96, 97, 82, 73, 72, 67, 53, 34, 0, 0, 0]}]",4.6,6803,52,"[90, 180]",0
ChIJo0Dmu7HdQUcRhv0Ab6ADfZs,Skin and sexual health institutions,47.473132,19.045509,doctor,"Budapest, Ulászló utca 1","Skin and sexual health institutions Budapest, Ulászló utca 1 budapest","[{'name': 'Monday', 'data': [0, 0, 0, 0, 0, 0, 0, 46, 67, 78, 76, 65, 59, 63, 79, 95, 100, 86, 62, 0, 0, 0, 0, 0]}, {'name': 'Tuesday', 'data': [0, 0, 0, 0, 0, 0, 0, 35, 59, 64, 50, 38, 43, 62, 81, 86, 75, 53, 30, 0, 0, 0, 0, 0]}, {'name': 'Wednesday', 'data': [0, 0, 0, 0, 0, 0, 0, 52, 90, 98, 81, 69, 71, 75, 74, 67, 54, 40, 26, 0, 0, 0, 0, 0]}, {'name': 'Thursday', 'data': [0, 0, 0, 0, 0, 0, 0, 31, 63, 87, 84, 58, 38, 39, 51, 56, 70, 73, 27, 0, 0, 0, 0, 0]}, {'name': 'Friday', 'data': [0, 0, 0, 0, 0, 0, 0, 42, 84, 78, 59, 62, 59, 52, 56, 61, 54, 37, 18, 0, 0, 0, 0, 0]}, {'name': 'Saturday', 'data': [0, 0, 0, 0, 0, 0, 0, 0, 0, 0, 0, 0, 0, 0, 0, 0, 0, 0, 0, 0, 0, 0, 0, 0]}, {'name': 'Sunday', 'data': [0, 0, 0, 0, 0, 0, 0, 0, 0, 0, 0, 0, 0, 0, 0, 0, 0, 0, 0, 0, 0, 0, 0, 0]}]",2.0,60,0,"[20, 45]",1
ChIJo0o5FrndQUcR6MqEhaMEmlM,Négy Muskétás Étterem,47.4675787,19.0344204,restaurant,"Budapest, Tétényi út 18","Négy Muskétás Étterem Budapest, Tétényi út 18 budapest","[{'name': 'Monday', 'data': [0, 0, 0, 0, 0, 0, 0, 0, 0, 0, 0, 0, 22, 27, 30, 31, 30, 32, 44, 59, 51, 24, 6, 0]}, {'name': 'Tuesday', 'data': [0, 0, 0, 0, 0, 0, 0, 0, 0, 0, 0, 0, 26, 37, 43, 43, 45, 53, 63, 64, 50, 30, 13, 0]}, {'name': 'Wednesday', 'data': [0, 0, 0, 0, 0, 0, 0, 0, 0, 0, 0, 0, 28, 42, 42, 28, 22, 36, 60, 73, 62, 36, 14, 0]}, {'name': 'Thursday', 'data': [0, 0, 0, 0, 0, 0, 0, 0, 0, 0, 0, 0, 29, 39, 39, 32, 31, 46, 72, 91, 88, 64, 34, 0]}, {'name': 'Friday', 'data': [0, 0, 0, 0, 0, 0, 0, 0, 0, 0, 0, 0, 42, 59, 61, 50, 39, 45, 67, 86, 85, 62, 32, 0]}, {'name': 'Saturday', 'data': [0, 0, 0, 0, 0, 0, 0, 0, 0, 0, 0, 0, 50, 78, 99, 99, 80, 59, 56, 63, 54, 29, 8, 0]}, {'name': 'Sunday', 'data': [0, 0, 0, 0, 0, 0, 0, 0, 0, 0, 0, 0, 59, 82, 97, 100, 89, 71, 62, 67, 63, 35, 9, 0]}]",4.6,1351,36,"[60, 120]",1
ChIJoyXNFE3cQUcRjFzBPDb0n3E,PupiCake,47.4801395,19.051379500000003,cafe,"Budapest, Bartók Béla út 25","PupiCake Budapest, Bartók Béla út 25 budapest","[{'name': 'Monday', 'data': [0, 0, 0, 0, 0, 0, 0, 0, 0, 11, 21, 28, 26, 20, 19, 33, 48, 47, 33, 0, 0, 0, 0, 0]}, {'name': 'Tuesday', 'data': [0, 0, 0, 0, 0, 0, 0, 0, 0, 15, 25, 28, 25, 28, 33, 37, 48, 61, 46, 0, 0, 0, 0, 0]}, {'name': 'Wednesday', 'data': [0, 0, 0, 0, 0, 0, 0, 0, 0, 6, 14, 23, 29, 32, 33, 38, 47, 50, 41, 0, 0, 0, 0, 0]}, {'name': 'Thursday', 'data': [0, 0, 0, 0, 0, 0, 0, 0, 0, 12, 16, 16, 17, 20, 26, 34, 50, 69, 71, 0, 0, 0, 0, 0]}, {'name': 'Friday', 'data': [0, 0, 0, 0, 0, 0, 0, 0, 0, 12, 19, 26, 33, 37, 42, 53, 64, 60, 41, 0, 0, 0, 0, 0]}, {'name': 'Saturday', 'data': [0, 0, 0, 0, 0, 0, 0, 0, 0, 0, 20, 28, 32, 41, 60, 78, 74, 48, 0, 0, 0, 0, 0, 0]}, {'name': 'Sunday', 'data': [0, 0, 0, 0, 0, 0, 0, 0, 0, 0, 15, 26, 33, 48, 74, 88, 100, 73, 0, 0, 0, 0, 0, 0]}]",4.8,156,100,"[25, 25]",0
ChIJqW7SS03cQUcR_zvFgKzQCVU,Szatyor Bár,47.479243700000005,19.0512224,bar,"Budapest, Bartók Béla út 36","Szatyor Bár Budapest, Bartók Béla út 36 budapest","[{'name': 'Monday', 'data': [0, 0, 0, 0, 0, 0, 0, 0, 0, 0, 0, 0, 1, 2, 5, 10, 17, 27, 39, 55, 62, 48, 23, 0]}, {'name': 'Tuesday', 'data': [0, 0, 0, 0, 0, 0, 0, 0, 0, 0, 0, 0, 4, 9, 11, 12, 19, 36, 60, 77, 77, 60, 35, 0]}, {'name': 'Wednesday', 'data': [0, 0, 0, 0, 0, 0, 0, 0, 0, 0, 0, 0, 0, 0, 0, 0, 0, 31, 55, 76, 79, 62, 36, 0]}, {'name': 'Thursday', 'data': [0, 0, 0, 0, 0, 0, 0, 0, 0, 0, 0, 0, 5, 7, 9, 13, 22, 40, 66, 88, 94, 78, 51, 0]}, {'name': 'Friday', 'data': [0, 0, 0, 0, 0, 0, 0, 0, 0, 0, 0, 0, 2, 7, 13, 21, 30, 39, 48, 64, 86, 100, 89, 0]}, {'name': 'Saturday', 'data': [0, 0, 0, 0, 0, 0, 0, 0, 0, 0, 0, 0, 8, 13, 20, 28, 37, 43, 48, 53, 61, 65, 56, 0]}, {'name': 'Sunday', 'data': [0, 0, 0, 0, 0, 0, 0, 0, 0, 0, 0, 0, 4, 9, 17, 27, 35, 40, 44, 49, 48, 36, 17, 0]}]",4.2,2005,16,"[60, 180]",0
ChIJq_wzgKHdQUcR2hMzj5XBIjs,Kőházy Festékáruház,47.4615363,19.0477142,home_goods_store,"Budapest, Hengermalom út 15","Kőházy Festékáruház Budapest, Hengermalom út 15 budapest","[{'name': 'Monday', 'data': [0, 0, 0, 0, 0, 0, 34, 78, 100, 82, 69, 73, 79, 78, 71, 58, 43, 28, 0, 0, 0, 0, 0, 0]}, {'name': 'Tuesday', 'data': [0, 0, 0, 0, 0, 0, 54, 85, 96, 86, 74, 70, 71, 70, 64, 54, 42, 29, 0, 0, 0, 0, 0, 0]}, {'name': 'Wednesday', 'data': [0, 0, 0, 0, 0, 0, 38, 73, 96, 91, 75, 67, 67, 67, 62, 54, 42, 31, 0, 0, 0, 0, 0, 0]}, {'name': 'Thursday', 'data': [0, 0, 0, 0, 0, 0, 36, 71, 96, 97, 83, 76, 78, 80, 75, 62, 44, 28, 0, 0, 0, 0, 0, 0]}, {'name': 'Friday', 'data': [0, 0, 0, 0, 0, 0, 33, 68, 94, 93, 73, 57, 53, 53, 51, 43, 33, 22, 0, 0, 0, 0, 0, 0]}, {'name': 'Saturday', 'data': [0, 0, 0, 0, 0, 0, 0, 50, 69, 50, 52, 57, 45, 25, 0, 0, 0, 0, 0, 0, 0, 0, 0, 0]}, {'name': 'Sunday', 'data': [0, 0, 0, 0, 0, 0, 0, 0, 0, 0, 0, 0, 0, 0, 0, 0, 0, 0, 0, 0, 0, 0, 0, 0]}]",4.6,773,32,"[20, 20]",0
ChIJr44dFM_dQUcRTFUncl0T1rw,MOL,47.474639,19.024793,gas_station,"Budapest, Nagyszőlős utca 47","MOL Budapest, Nagyszőlős utca 47 budapest","[{'name': 'Monday', 'data': [0, 0, 0, 0, 0, 0, 21, 39, 59, 75, 79, 72, 60, 52, 55, 65, 70, 62, 43, 23, 0, 0, 0, 0]}, {'name': 'Tuesday', 'data': [0, 0, 0, 0, 0, 0, 22, 42, 62, 74, 73, 61, 50, 50, 62, 77, 84, 76, 55, 32, 0, 0, 0, 0]}, {'name': 'Wednesday', 'data': [0, 0, 0, 0, 0, 0, 25, 47, 67, 75, 69, 58, 53, 59, 71, 81, 82, 73, 56, 36, 0, 0, 0, 0]}, {'name': 'Thursday', 'data': [0, 0, 0, 0, 0, 0, 20, 42, 66, 82, 85, 77, 68, 65, 68, 73, 75, 69, 57, 43, 0, 0, 0, 0]}, {'name': 'Friday', 'data': [0, 0, 0, 0, 0, 0, 33, 53, 72, 85, 87, 79, 68, 62, 67, 82, 97, 100, 85, 60, 0, 0, 0, 0]}, {'name': 'Saturday', 'data': [0, 0, 0, 0, 0, 0, 23, 41, 63, 85, 98, 100, 89, 74, 61, 54, 49, 44, 35, 23, 0, 0, 0, 0]}, {'name': 'Sunday', 'data': [0, 0, 0, 0, 0, 0, 7, 19, 39, 61, 77, 78, 67, 54, 49, 53, 59, 57, 46, 30, 0, 0, 0, 0]}]",4.2,391,20,"[10, 10]",1
ChIJr6M9MazdQUcRiXW_2X6ejw0,MOL,47.474219700000006,19.0533815,gas_station,"Budapest, Irinyi József utca 45","MOL Budapest, Irinyi József utca 45 budapest","[{'name': 'Monday', 'data': [0, 0, 0, 0, 0, 0, 19, 57, 73, 49, 44, 66, 56, 42, 46, 52, 53, 49, 40, 30, 0, 0, 0, 0]}, {'name': 'Tuesday', 'data': [0, 0, 0, 0, 0, 0, 31, 50, 50, 45, 48, 50, 47, 44, 45, 50, 55, 56, 51, 40, 0, 0, 0, 0]}, {'name': 'Wednesday', 'data': [0, 0, 0, 0, 0, 0, 20, 42, 57, 58, 58, 65, 63, 48, 40, 44, 51, 53, 47, 37, 0, 0, 0, 0]}, {'name': 'Thursday', 'data': [0, 0, 0, 0, 0, 0, 34, 60, 66, 58, 60, 69, 69, 60, 56, 60, 68, 68, 59, 44, 0, 0, 0, 0]}, {'name': 'Friday', 'data': [0, 0, 0, 0, 0, 0, 35, 53, 55, 62, 80, 76, 50, 40, 52, 72, 87, 89, 77, 57, 0, 0, 0, 0]}, {'name': 'Saturday', 'data': [0, 0, 0, 0, 0, 0, 19, 38, 62, 85, 100, 99, 84, 64, 49, 44, 43, 42, 37, 28, 0, 0, 0, 0]}, {'name': 'Sunday', 'data': [0, 0, 0, 0, 0, 0, 21, 33, 42, 44, 43, 41, 42, 45, 47, 46, 44, 42, 37, 28, 0, 0, 0, 0]}]",4.2,341,18,"[10, 10]",1
ChIJrzi2f63dQUcR0gEq-6eENbQ,KATKA Household goods House,47.4762209,19.0507062,supermarket,"Budapest, Bercsényi utca 20","KATKA Household goods House Budapest, Bercsényi utca 20 budapest","[{'name': 'Monday', 'data': [0, 0, 0, 0, 0, 0, 0, 0, 31, 54, 72, 80, 80, 81, 83, 78, 63, 43, 0, 0, 0, 0, 0, 0]}, {'name': 'Tuesday', 'data': [0, 0, 0, 0, 0, 0, 0, 0, 45, 71, 80, 72, 71, 81, 92, 87, 68, 43, 0, 0, 0, 0, 0, 0]}, {'name': 'Wednesday', 'data': [0, 0, 0, 0, 0, 0, 0, 0, 53, 80, 92, 89, 84, 83, 80, 72, 60, 46, 0, 0, 0, 0, 0, 0]}, {'name': 'Thursday', 'data': [0, 0, 0, 0, 0, 0, 0, 0, 43, 84, 100, 81, 69, 75, 86, 87, 75, 57, 0, 0, 0, 0, 0, 0]}, {'name': 'Friday', 'data': [0, 0, 0, 0, 0, 0, 0, 0, 56, 81, 78, 63, 59, 65, 71, 69, 60, 46, 0, 0, 0, 0, 0, 0]}, {'name': 'Saturday', 'data': [0, 0, 0, 0, 0, 0, 0, 0, 53, 83, 93, 77, 0, 0, 0, 0, 0, 0, 0, 0, 0, 0, 0, 0]}, {'name': 'Sunday', 'data': [0, 0, 0, 0, 0, 0, 0, 0, 0, 0, 0, 0, 0, 0, 0, 0, 0, 0, 0, 0, 0, 0, 0, 0]}]",4.8,137,43,"[15, 15]",0
ChIJt7YQVqLdQUcRqQSimoZT65k,ALDI,47.461806,19.0441499,supermarket,"Budapest, Sopron út 60","ALDI Budapest, Sopron út 60 budapest","[{'name': 'Monday', 'data': [0, 0, 0, 0, 0, 0, 27, 47, 55, 49, 44, 49, 52, 46, 42, 54, 80, 100, 97, 72, 41, 0, 0, 0]}, {'name': 'Tuesday', 'data': [0, 0, 0, 0, 0, 0, 32, 54, 61, 51, 46, 51, 54, 49, 47, 58, 78, 92, 88, 69, 43, 0, 0, 0]}, {'name': 'Wednesday', 'data': [0, 0, 0, 0, 0, 0, 32, 67, 68, 42, 36, 48, 55, 48, 42, 51, 73, 91, 91, 71, 42, 0, 0, 0]}, {'name': 'Thursday', 'data': [0, 0, 0, 0, 0, 0, 33, 57, 68, 63, 55, 53, 53, 51, 54, 67, 86, 96, 88, 65, 39, 0, 0, 0]}, {'name': 'Friday', 'data': [0, 0, 0, 0, 0, 0, 20, 41, 55, 52, 44, 45, 48, 48, 46, 51, 63, 73, 71, 55, 34, 0, 0, 0]}, {'name': 'Saturday', 'data': [0, 0, 0, 0, 0, 0, 12, 22, 34, 46, 55, 58, 56, 51, 47, 47, 51, 55, 53, 44, 31, 0, 0, 0]}, {'name': 'Sunday', 'data': [0, 0, 0, 0, 0, 0, 0, 16, 28, 44, 58, 66, 64, 54, 45, 48, 63, 64, 41, 0, 0, 0, 0, 0]}]",4.4,2991,69,"[20, 20]",0
ChIJu2fffK7dQUcRgbC2JH1_I24,Napközi Bisztró,47.4731179,19.0517008,bar,"Budapest 35, Október huszonharmadika utca 33","Napközi Bisztró Budapest 35, Október huszonharmadika utca 33 budapest","[{'name': 'Monday', 'data': [0, 0, 0, 0, 0, 0, 0, 0, 0, 0, 0, 0, 1, 1, 1, 1, 7, 19, 35, 49, 52, 42, 25, 9]}, {'name': 'Tuesday', 'data': [0, 0, 0, 0, 0, 0, 0, 0, 0, 0, 0, 0, 1, 1, 1, 0, 14, 39, 73, 96, 100, 83, 53, 24]}, {'name': 'Wednesday', 'data': [0, 0, 0, 0, 0, 0, 0, 0, 0, 0, 0, 0, 1, 1, 1, 1, 5, 18, 38, 61, 76, 77, 61, 39]}, {'name': 'Thursday', 'data': [0, 0, 0, 0, 0, 0, 0, 0, 0, 0, 0, 0, 1, 3, 9, 15, 22, 28, 41, 63, 87, 92, 68, 34]}, {'name': 'Friday', 'data': [0, 0, 0, 0, 0, 0, 0, 0, 0, 0, 0, 0, 1, 0, 4, 9, 14, 19, 24, 33, 44, 54, 54, 42]}, {'name': 'Saturday', 'data': [0, 0, 0, 0, 0, 0, 0, 0, 0, 0, 0, 0, 0, 0, 0, 0, 30, 50, 41, 22, 26, 43, 48, 32]}, {'name': 'Sunday', 'data': [0, 0, 0, 0, 0, 0, 0, 0, 0, 0, 0, 0, 0, 0, 0, 0, 5, 17, 32, 44, 46, 36, 19, 0]}]",3.8,418,1,,1
ChIJuwbdcbLdQUcRFcFyK8XxvZY,Starbucks Allee,47.4751048,19.0493675,cafe,"Budapest, Október huszonharmadika utca 8-10","Starbucks Allee Budapest, Október huszonharmadika utca 8-10 budapest","[{'name': 'Monday', 'data': [0, 0, 0, 0, 0, 0, 0, 15, 37, 57, 59, 50, 49, 64, 76, 78, 80, 78, 68, 50, 29, 0, 0, 0]}, {'name': 'Tuesday', 'data': [0, 0, 0, 0, 0, 0, 0, 15, 33, 57, 77, 84, 81, 80, 86, 95, 99, 92, 76, 54, 34, 0, 0, 0]}, {'name': 'Wednesday', 'data': [0, 0, 0, 0, 0, 0, 0, 24, 54, 77, 78, 73, 73, 76, 80, 85, 91, 89, 75, 53, 30, 0, 0, 0]}, {'name': 'Thursday', 'data': [0, 0, 0, 0, 0, 0, 0, 24, 42, 61, 73, 76, 72, 71, 77, 89, 99, 97, 81, 58, 36, 0, 0, 0]}, {'name': 'Friday', 'data': [0, 0, 0, 0, 0, 0, 0, 22, 51, 66, 61, 59, 69, 83, 93, 96, 93, 82, 67, 51, 35, 0, 0, 0]}, {'name': 'Saturday', 'data': [0, 0, 0, 0, 0, 0, 0, 0, 22, 43, 68, 85, 88, 83, 82, 91, 98, 89, 67, 42, 22, 0, 0, 0]}, {'name': 'Sunday', 'data': [0, 0, 0, 0, 0, 0, 0, 0, 18, 32, 50, 68, 83, 92, 95, 97, 100, 89, 58, 27, 0, 0, 0, 0]}]",4.3,818,8,"[20, 60]",1
ChIJvVNuobPdQUcRWlJnZP8UF0g,SEMMI EXTRA Bartók,47.4769846,19.045576800000003,bar,"Budapest, Bartók Béla út 62-64","SEMMI EXTRA Bartók Budapest, Bartók Béla út 62-64 budapest","[{'name': 'Monday', 'data': [0, 0, 0, 0, 0, 0, 0, 0, 0, 0, 0, 15, 44, 41, 15, 10, 18, 30, 41, 45, 39, 27, 14, 0]}, {'name': 'Tuesday', 'data': [0, 0, 0, 0, 0, 0, 0, 0, 0, 0, 0, 17, 25, 30, 31, 28, 26, 32, 48, 67, 70, 54, 29, 0]}, {'name': 'Wednesday', 'data': [0, 0, 0, 0, 0, 0, 0, 0, 0, 0, 0, 16, 27, 32, 29, 22, 22, 36, 59, 75, 71, 50, 25, 0]}, {'name': 'Thursday', 'data': [0, 0, 0, 0, 0, 0, 0, 0, 0, 0, 0, 20, 42, 50, 36, 23, 30, 56, 85, 100, 89, 61, 31, 0]}, {'name': 'Friday', 'data': [0, 0, 0, 0, 0, 0, 0, 0, 0, 0, 0, 16, 23, 27, 29, 29, 31, 41, 55, 68, 70, 59, 40, 0]}, {'name': 'Saturday', 'data': [0, 0, 0, 0, 0, 0, 0, 0, 0, 0, 0, 0, 21, 34, 40, 37, 29, 24, 31, 44, 51, 44, 28, 0]}, {'name': 'Sunday', 'data': [0, 0, 0, 0, 0, 0, 0, 0, 0, 0, 0, 0, 21, 36, 47, 48, 43, 38, 38, 36, 29, 19, 10, 0]}]",4.4,2433,4,,0
ChIJvVNuobPdQUcRaNjgUD3FV1U,Addicted2Caffeine,47.4770089,19.0456514,bar,"Budapest, Bartók Béla út 62-64","Addicted2Caffeine Budapest, Bartók Béla út 62-64 budapest","[{'name': 'Monday', 'data': [0, 0, 0, 0, 0, 0, 0, 45, 84, 87, 59, 43, 45, 51, 52, 48, 42, 33, 26, 19, 13, 9, 0, 0]}, {'name': 'Tuesday', 'data': [0, 0, 0, 0, 0, 0, 0, 42, 77, 99, 90, 67, 52, 50, 52, 53, 50, 44, 35, 25, 16, 9, 0, 0]}, {'name': 'Wednesday', 'data': [0, 0, 0, 0, 0, 0, 0, 42, 80, 100, 88, 70, 63, 66, 67, 64, 57, 47, 35, 24, 15, 8, 0, 0]}, {'name': 'Thursday', 'data': [0, 0, 0, 0, 0, 0, 0, 56, 89, 96, 73, 48, 42, 53, 62, 61, 51, 41, 34, 27, 20, 12, 0, 0]}, {'name': 'Friday', 'data': [0, 0, 0, 0, 0, 0, 0, 45, 78, 95, 85, 63, 49, 49, 55, 59, 57, 50, 38, 25, 15, 7, 0, 0]}, {'name': 'Saturday', 'data': [0, 0, 0, 0, 0, 0, 0, 0, 0, 89, 92, 74, 57, 53, 56, 57, 51, 42, 32, 23, 15, 9, 0, 0]}, {'name': 'Sunday', 'data': [0, 0, 0, 0, 0, 0, 0, 0, 0, 71, 91, 83, 62, 49, 46, 46, 43, 38, 31, 22, 14, 8, 0, 0]}]",4.7,582,31,"[20, 60]",1
ChIJw0_jH7ndQUcRQN0Hydzo1Ug,SPAR szupermarket,47.467923,19.033644100000004,supermarket,"Budapest, Tétényi út 31","SPAR szupermarket Budapest, Tétényi út 31 budapest","[{'name': 'Monday', 'data': [0, 0, 0, 0, 0, 0, 13, 28, 42, 48, 48, 49, 55, 60, 63, 70, 82, 92, 91, 74, 49, 0, 0, 0]}, {'name': 'Tuesday', 'data': [0, 0, 0, 0, 0, 0, 22, 41, 45, 42, 50, 61, 58, 46, 42, 56, 81, 100, 97, 75, 45, 0, 0, 0]}, {'name': 'Wednesday', 'data': [0, 0, 0, 0, 0, 0, 28, 54, 68, 60, 48, 46, 53, 60, 65, 68, 75, 84, 80, 56, 28, 0, 0, 0]}, {'name': 'Thursday', 'data': [0, 0, 0, 0, 0, 0, 24, 42, 57, 63, 58, 49, 45, 48, 57, 69, 82, 90, 86, 68, 43, 0, 0, 0]}, {'name': 'Friday', 'data': [0, 0, 0, 0, 0, 0, 12, 23, 35, 44, 47, 46, 46, 49, 56, 63, 68, 66, 58, 44, 26, 0, 0, 0]}, {'name': 'Saturday', 'data': [0, 0, 0, 0, 0, 0, 0, 21, 42, 60, 74, 79, 68, 52, 43, 38, 31, 0, 0, 0, 0, 0, 0, 0]}, {'name': 'Sunday', 'data': [0, 0, 0, 0, 0, 0, 0, 0, 18, 40, 59, 72, 68, 40, 0, 0, 0, 0, 0, 0, 0, 0, 0, 0]}]",3.6,580,39,"[15, 15]",1
ChIJw44s3bHdQUcRUb-jvbgJUTY,Amazon Women's Fitness Club,47.4729592,19.0471979,gym,"Budapest, Kőrösy József utca 17","Amazon Women's Fitness Club Budapest, Kőrösy József utca 17 budapest","[{'name': 'Monday', 'data': [0, 0, 0, 0, 0, 0, 0, 0, 0, 15, 25, 30, 30, 25, 21, 35, 68, 100, 96, 59, 23, 0, 0, 0]}, {'name': 'Tuesday', 'data': [0, 0, 0, 0, 0, 0, 0, 0, 0, 24, 21, 12, 6, 9, 20, 37, 57, 71, 74, 65, 47, 0, 0, 0]}, {'name': 'Wednesday', 'data': [0, 0, 0, 0, 0, 0, 0, 0, 0, 14, 19, 19, 17, 13, 15, 32, 63, 85, 79, 51, 25, 0, 0, 0]}, {'name': 'Thursday', 'data': [0, 0, 0, 0, 0, 0, 0, 0, 0, 20, 25, 25, 24, 23, 30, 48, 75, 93, 90, 65, 36, 0, 0, 0]}, {'name': 'Friday', 'data': [0, 0, 0, 0, 0, 0, 0, 0, 0, 9, 13, 14, 13, 15, 21, 30, 40, 50, 53, 40, 19, 0, 0, 0]}, {'name': 'Saturday', 'data': [0, 0, 0, 0, 0, 0, 0, 0, 0, 14, 34, 41, 31, 34, 45, 28, 0, 0, 0, 0, 0, 0, 0, 0]}, {'name': 'Sunday', 'data': [0, 0, 0, 0, 0, 0, 0, 0, 0, 0, 0, 0, 0, 0, 7, 17, 25, 28, 21, 12, 3, 0, 0, 0]}]",4.7,51,100,,1
ChIJw9sZc6XdQUcRcBbN-h1q9hI,In Computer Imperium,47.4685436,19.046524,electronics_store,"Budapest, Sopron út 16","In Computer Imperium Budapest, Sopron út 16 budapest","[{'name': 'Monday', 'data': [0, 0, 0, 0, 0, 0, 0, 0, 0, 0, 35, 59, 73, 69, 55, 53, 72, 75, 45, 0, 0, 0, 0, 0]}, {'name': 'Tuesday', 'data': [0, 0, 0, 0, 0, 0, 0, 0, 0, 0, 57, 87, 97, 82, 67, 64, 65, 56, 40, 0, 0, 0, 0, 0]}, {'name': 'Wednesday', 'data': [0, 0, 0, 0, 0, 0, 0, 0, 0, 0, 55, 64, 55, 42, 45, 64, 82, 80, 55, 0, 0, 0, 0, 0]}, {'name': 'Thursday', 'data': [0, 0, 0, 0, 0, 0, 0, 0, 0, 0, 46, 67, 77, 75, 70, 77, 89, 89, 67, 0, 0, 0, 0, 0]}, {'name': 'Friday', 'data': [0, 0, 0, 0, 0, 0, 0, 0, 0, 0, 45, 68, 65, 45, 42, 71, 100, 87, 46, 0, 0, 0, 0, 0]}, {'name': 'Saturday', 'data': [0, 0, 0, 0, 0, 0, 0, 0, 0, 0, 0, 0, 0, 0, 0, 0, 0, 0, 0, 0, 0, 0, 0, 0]}, {'name': 'Sunday', 'data': [0, 0, 0, 0, 0, 0, 0, 0, 0, 0, 0, 0, 0, 0, 0, 0, 0, 0, 0, 0, 0, 0, 0, 0]}]",4.5,292,68,"[20, 20]",0
ChIJwRZS87PdQUcRFij_VIfVK9s,SPAR market,47.4761669,19.0435799,supermarket,"Budapest, Szabolcska Mihály utca 20","SPAR market Budapest, Szabolcska Mihály utca 20 budapest","[{'name': 'Monday', 'data': [0, 0, 0, 0, 0, 0, 8, 14, 21, 28, 35, 41, 46, 48, 48, 49, 56, 76, 95, 87, 54, 23, 0, 0]}, {'name': 'Tuesday', 'data': [0, 0, 0, 0, 0, 0, 9, 15, 22, 29, 34, 37, 37, 36, 36, 44, 62, 85, 98, 90, 63, 31, 0, 0]}, {'name': 'Wednesday', 'data': [0, 0, 0, 0, 0, 0, 3, 9, 16, 23, 30, 35, 38, 39, 38, 36, 39, 59, 90, 95, 60, 19, 0, 0]}, {'name': 'Thursday', 'data': [0, 0, 0, 0, 0, 0, 7, 15, 24, 31, 38, 41, 44, 46, 49, 53, 64, 81, 93, 85, 58, 28, 0, 0]}, {'name': 'Friday', 'data': [0, 0, 0, 0, 0, 0, 9, 18, 27, 36, 43, 46, 46, 42, 37, 37, 47, 65, 76, 68, 42, 16, 0, 0]}, {'name': 'Saturday', 'data': [0, 0, 0, 0, 0, 0, 1, 7, 14, 21, 27, 33, 36, 37, 35, 32, 34, 50, 57, 62, 61, 21, 0, 0]}, {'name': 'Sunday', 'data': [0, 0, 0, 0, 0, 0, 0, 9, 15, 23, 29, 36, 40, 43, 46, 51, 62, 71, 84, 100, 60, 0, 0, 0]}]",3.8,406,43,"[15, 15]",1
ChIJwWS8ea3dQUcRX1KMAh76v8I,Aqua,47.476482,19.0513198,electronics_store,"Budapest, Karinthy Frigyes út 17","Aqua Budapest, Karinthy Frigyes út 17 budapest","[{'name': 'Monday', 'data': [0, 0, 0, 0, 0, 0, 0, 0, 0, 0, 54, 74, 80, 72, 64, 70, 78, 65, 0, 0, 0, 0, 0, 0]}, {'name': 'Tuesday', 'data': [0, 0, 0, 0, 0, 0, 0, 0, 0, 0, 54, 77, 86, 78, 60, 59, 93, 92, 0, 0, 0, 0, 0, 0]}, {'name': 'Wednesday', 'data': [0, 0, 0, 0, 0, 0, 0, 0, 0, 0, 46, 71, 85, 84, 79, 79, 76, 60, 0, 0, 0, 0, 0, 0]}, {'name': 'Thursday', 'data': [0, 0, 0, 0, 0, 0, 0, 0, 0, 0, 51, 80, 100, 99, 83, 75, 89, 84, 0, 0, 0, 0, 0, 0]}, {'name': 'Friday', 'data': [0, 0, 0, 0, 0, 0, 0, 0, 0, 0, 49, 64, 65, 67, 81, 91, 77, 46, 0, 0, 0, 0, 0, 0]}, {'name': 'Saturday', 'data': [0, 0, 0, 0, 0, 0, 0, 0, 0, 0, 37, 52, 59, 54, 40, 25, 0, 0, 0, 0, 0, 0, 0, 0]}, {'name': 'Sunday', 'data': [0, 0, 0, 0, 0, 0, 0, 0, 0, 0, 0, 0, 0, 0, 0, 0, 0, 0, 0, 0, 0, 0, 0, 0]}]",4.2,1894,51,"[15, 15]",0
ChIJyx-j7rfdQUcRUUsYf7mBCDg,Shell,47.472367,19.0343341,convenience_store,"Budapest, Tétényi út 2","Shell Budapest, Tétényi út 2 budapest","[{'name': 'Monday', 'data': [0, 0, 0, 0, 0, 0, 20, 43, 67, 82, 80, 70, 62, 61, 66, 71, 73, 71, 68, 61, 50, 35, 0, 0]}, {'name': 'Tuesday', 'data': [0, 0, 0, 0, 0, 0, 27, 49, 70, 84, 85, 78, 68, 65, 69, 76, 82, 81, 72, 57, 40, 24, 0, 0]}, {'name': 'Wednesday', 'data': [0, 0, 0, 0, 0, 0, 36, 66, 89, 93, 80, 67, 63, 67, 75, 80, 80, 74, 64, 51, 38, 25, 0, 0]}, {'name': 'Thursday', 'data': [0, 0, 0, 0, 0, 0, 36, 65, 84, 80, 66, 66, 83, 95, 88, 77, 79, 88, 91, 81, 61, 38, 0, 0]}, {'name': 'Friday', 'data': [0, 0, 0, 0, 0, 0, 25, 62, 89, 85, 66, 58, 66, 78, 88, 94, 98, 100, 93, 74, 47, 23, 0, 0]}, {'name': 'Saturday', 'data': [0, 0, 0, 0, 0, 0, 12, 33, 53, 70, 85, 94, 91, 78, 63, 53, 50, 48, 46, 40, 32, 24, 0, 0]}, {'name': 'Sunday', 'data': [0, 0, 0, 0, 0, 0, 6, 17, 32, 46, 55, 57, 53, 48, 44, 43, 44, 44, 42, 37, 30, 22, 0, 0]}]",4.5,130,20,"[10, 10]",1
ChIJzZCWrKTdQUcR4mBwRtK9h4k,Divan török étterem,47.465305,19.042943,restaurant,"Budapest, Fehérvári út 83","Divan török étterem Budapest, Fehérvári út 83 budapest","[{'name': 'Monday', 'data': [0, 0, 0, 0, 0, 0, 0, 0, 1, 4, 8, 66, 81, 20, 18, 14, 9, 5, 2, 0, 0, 0, 0, 0]}, {'name': 'Tuesday', 'data': [0, 0, 0, 0, 0, 0, 0, 0, 1, 3, 14, 66, 100, 43, 13, 9, 7, 6, 4, 0, 0, 0, 0, 0]}, {'name': 'Wednesday', 'data': [0, 0, 0, 0, 0, 0, 0, 1, 0, 3, 21, 61, 82, 51, 20, 10, 7, 5, 2, 0, 0, 0, 0, 0]}, {'name': 'Thursday', 'data': [0, 0, 0, 0, 0, 0, 0, 0, 2, 4, 14, 63, 89, 36, 17, 14, 10, 6, 3, 0, 0, 0, 0, 0]}, {'name': 'Friday', 'data': [0, 0, 0, 0, 0, 0, 0, 0, 1, 3, 11, 44, 67, 33, 13, 11, 9, 7, 5, 0, 0, 0, 0, 0]}, {'name': 'Saturday', 'data': [0, 0, 0, 0, 0, 0, 0, 0, 0, 0, 0, 5, 25, 15, 12, 10, 3, 0, 0, 0, 0, 0, 0, 0]}, {'name': 'Sunday', 'data': [0, 0, 0, 0, 0, 0, 0, 0, 0, 0, 0, 0, 0, 0, 0, 0, 0, 0, 0, 0, 0, 0, 0, 0]}]",4.6,821,44,"[20, 20]",0
ChIJzw_gw73dQUcRclO4yXpgprQ,Vg-Trade Kft.,47.4631104,19.0358919,hardware_store,"Budapest, Etele út 32","Vg-Trade Kft. Budapest, Etele út 32 budapest","[{'name': 'Monday', 'data': [0, 0, 0, 0, 0, 0, 0, 0, 43, 72, 84, 75, 64, 68, 77, 70, 48, 0, 0, 0, 0, 0, 0, 0]}, {'name': 'Tuesday', 'data': [0, 0, 0, 0, 0, 0, 0, 0, 54, 89, 96, 85, 80, 78, 73, 61, 45, 0, 0, 0, 0, 0, 0, 0]}, {'name': 'Wednesday', 'data': [0, 0, 0, 0, 0, 0, 0, 0, 52, 93, 100, 71, 51, 61, 76, 71, 47, 0, 0, 0, 0, 0, 0, 0]}, {'name': 'Thursday', 'data': [0, 0, 0, 0, 0, 0, 0, 0, 51, 75, 78, 64, 51, 55, 67, 71, 58, 0, 0, 0, 0, 0, 0, 0]}, {'name': 'Friday', 'data': [0, 0, 0, 0, 0, 0, 0, 0, 55, 99, 96, 67, 62, 72, 71, 52, 28, 0, 0, 0, 0, 0, 0, 0]}, {'name': 'Saturday', 'data': [0, 0, 0, 0, 0, 0, 0, 0, 0, 52, 73, 48, 0, 0, 0, 0, 0, 0, 0, 0, 0, 0, 0, 0]}, {'name': 'Sunday', 'data': [0, 0, 0, 0, 0, 0, 0, 0, 0, 0, 0, 0, 0, 0, 0, 0, 0, 0, 0, 0, 0, 0, 0, 0]}]",4.9,166,51,"[15, 15]",1
